,cidade,Data,casos
0,São Paulo,2020-02-25,1
1,São Paulo,2020-02-26,0
2,São Paulo,2020-02-27,0
3,São Paulo,2020-02-28,1
4,São Paulo,2020-02-29,0
5,São Paulo,2020-03-01,0
6,São Paulo,2020-03-02,0
7,São Paulo,2020-03-03,0
8,São Paulo,2020-03-04,1
10,São Paulo,2020-03-05,3
13,Rio de Janeiro,2020-03-06,1
14,São Paulo,2020-03-06,0
16,Brasília,2020-03-07,1
18,Rio de Janeiro,2020-03-07,0
20,São Paulo,2020-03-07,6
22,Brasília,2020-03-08,0
26,Rio de Janeiro,2020-03-08,1
28,São Paulo,2020-03-08,3
30,Brasília,2020-03-09,0
34,Rio de Janeiro,2020-03-09,0
36,São Paulo,2020-03-09,0
38,Brasília,2020-03-10,0
43,Rio de Janeiro,2020-03-10,0
45,São Paulo,2020-03-10,3
47,Brasília,2020-03-11,1
52,Porto Alegre,2020-03-11,1
53,Rio de Janeiro,2020-03-11,0
55,São Paulo,2020-03-11,11
57,Brasília,2020-03-12,0
71,Porto Alegre,2020-03-12,1
72,Recife,2020-03-12,2
74,Rio de Janeiro,2020-03-12,11
76,São Paulo,2020-03-12,15
78,Brasília,2020-03-13,0
94,Porto Alegre,2020-03-13,0
95,Recife,2020-03-13,0
97,Rio de Janeiro,2020-03-13,0
100,São Paulo,2020-03-13,0
103,Brasília,2020-03-14,6
124,Porto Alegre,2020-03-14,0
126,Recife,2020-03-14,4
128,Rio de Janeiro,2020-03-14,0
131,São Paulo,2020-03-14,18
134,Brasília,2020-03-15,6
156,Porto Alegre,2020-03-15,0
158,Recife,2020-03-15,1
160,Rio de Janeiro,2020-03-15,9
163,São Paulo,2020-03-15,0
168,Belo Horizonte,2020-03-16,1
169,Brasília,2020-03-16,5
181,Fortaleza,2020-03-16,8
193,Porto Alegre,2020-03-16,4
196,Recife,2020-03-16,0
198,Rio de Janeiro,2020-03-16,1
204,São Paulo,2020-03-16,83
209,Belo Horizonte,2020-03-17,4
211,Brasília,2020-03-17,0
225,Fortaleza,2020-03-17,1
242,Porto Alegre,2020-03-17,0
246,Recife,2020-03-17,6
249,Rio de Janeiro,2020-03-17,0
256,São Paulo,2020-03-17,11
265,Belo Horizonte,2020-03-18,5
268,Brasília,2020-03-18,15
284,Fortaleza,2020-03-18,8
309,Porto Alegre,2020-03-18,9
314,Recife,2020-03-18,1
317,Rio de Janeiro,2020-03-18,32
328,São Paulo,2020-03-18,58
340,Belo Horizonte,2020-03-19,8
343,Brasília,2020-03-19,8
361,Fortaleza,2020-03-19,0
390,Porto Alegre,2020-03-19,5
395,Recife,2020-03-19,0
398,Rio de Janeiro,2020-03-19,1
412,São Paulo,2020-03-19,45
430,Belo Horizonte,2020-03-20,2
434,Brasília,2020-03-20,45
458,Fortaleza,2020-03-20,46
501,Porto Alegre,2020-03-20,5
507,Recife,2020-03-20,0
510,Rio de Janeiro,2020-03-20,0
526,São Paulo,2020-03-20,47
545,Belo Horizonte,2020-03-21,10
550,Brasília,2020-03-21,21
580,Fortaleza,2020-03-21,13
633,Porto Alegre,2020-03-21,10
640,Recife,2020-03-21,11
643,Rio de Janeiro,2020-03-21,43
661,São Paulo,2020-03-21,0
683,Belo Horizonte,2020-03-22,0
689,Brasília,2020-03-22,9
723,Fortaleza,2020-03-22,40
779,Porto Alegre,2020-03-22,3
786,Recife,2020-03-22,3
789,Rio de Janeiro,2020-03-22,69
809,São Paulo,2020-03-22,0
831,Belo Horizonte,2020-03-23,30
839,Brasília,2020-03-23,21
880,Fortaleza,2020-03-23,35
945,Porto Alegre,2020-03-23,3
953,Recife,2020-03-23,2
957,Rio de Janeiro,2020-03-23,44
981,São Paulo,2020-03-23,0
1007,Belo Horizonte,2020-03-24,27
1016,Brasília,2020-03-24,23
1061,Fortaleza,2020-03-24,19
1132,Porto Alegre,2020-03-24,6
1140,Recife,2020-03-24,0
1144,Rio de Janeiro,2020-03-24,64
1168,São Paulo,2020-03-24,0
1201,Belo Horizonte,2020-03-25,3
1210,Brasília,2020-03-25,34
1264,Fortaleza,2020-03-25,26
1341,Porto Alegre,2020-03-25,40
1351,Recife,2020-03-25,1
1358,Rio de Janeiro,2020-03-25,55
1385,São Paulo,2020-03-25,416
1426,Belo Horizonte,2020-03-26,6
1437,Brasília,2020-03-26,-24
1493,Fortaleza,2020-03-26,28
1579,Porto Alegre,2020-03-26,16
1589,Recife,2020-03-26,2
1597,Rio de Janeiro,2020-03-26,37
1628,São Paulo,2020-03-26,177
1674,Belo Horizonte,2020-03-27,22
1685,Brasília,2020-03-27,40
1748,Fortaleza,2020-03-27,44
1843,Porto Alegre,2020-03-27,4
1853,Recife,2020-03-27,5
1863,Rio de Janeiro,2020-03-27,63
1900,São Paulo,2020-03-27,145
1949,Belo Horizonte,2020-03-28,11
1960,Brasília,2020-03-28,14
2028,Fortaleza,2020-03-28,36
2136,Porto Alegre,2020-03-28,0
2148,Recife,2020-03-28,8
2158,Rio de Janeiro,2020-03-28,58
2199,São Paulo,2020-03-28,0
2253,Belo Horizonte,2020-03-29,14
2264,Brasília,2020-03-29,45
2335,Fortaleza,2020-03-29,34
2457,Porto Alegre,2020-03-29,28
2469,Recife,2020-03-29,4
2480,Rio de Janeiro,2020-03-29,27
2526,São Paulo,2020-03-29,0
2585,Belo Horizonte,2020-03-30,20
2596,Brasília,2020-03-30,15
2671,Fortaleza,2020-03-30,15
2809,Porto Alegre,2020-03-30,8
2823,Recife,2020-03-30,2
2836,Rio de Janeiro,2020-03-30,37
2885,São Paulo,2020-03-30,189
2956,Belo Horizonte,2020-03-31,0
2967,Brasília,2020-03-31,20
3049,Fortaleza,2020-03-31,18
3205,Porto Alegre,2020-03-31,47
3220,Recife,2020-03-31,6
3233,Rio de Janeiro,2020-03-31,33
3287,São Paulo,2020-03-31,652
3378,Belo Horizonte,2020-04-01,25
3389,Brasília,2020-04-01,24
3480,Fortaleza,2020-04-01,42
3643,Porto Alegre,2020-04-01,0
3660,Recife,2020-04-01,6
3673,Rio de Janeiro,2020-04-01,111
3728,São Paulo,2020-04-01,533
3831,Belo Horizonte,2020-04-02,22
3843,Brasília,2020-04-02,44
3938,Fortaleza,2020-04-02,113
4122,Porto Alegre,2020-04-02,42
4139,Recife,2020-04-02,10
4153,Rio de Janeiro,2020-04-02,101
4216,São Paulo,2020-04-02,397
4334,Belo Horizonte,2020-04-03,15
4348,Brasília,2020-04-03,9
4454,Fortaleza,2020-04-03,74
4659,Porto Alegre,2020-04-03,1
4677,Recife,2020-04-03,18
4691,Rio de Janeiro,2020-04-03,69
4761,São Paulo,2020-04-03,387
4884,Belo Horizonte,2020-04-04,12
4899,Brasília,2020-04-04,36
5011,Fortaleza,2020-04-04,81
5236,Porto Alegre,2020-04-04,8
5254,Recife,2020-04-04,27
5268,Rio de Janeiro,2020-04-04,115
5343,São Paulo,2020-04-04,294
5473,Belo Horizonte,2020-04-05,25
5488,Brasília,2020-04-05,10
5603,Fortaleza,2020-04-05,188
5846,Porto Alegre,2020-04-05,13
5865,Recife,2020-04-05,20
5879,Rio de Janeiro,2020-04-05,86
5964,São Paulo,2020-04-05,116
6104,Belo Horizonte,2020-04-06,2
6122,Brasília,2020-04-06,14
6250,Fortaleza,2020-04-06,60
6512,Porto Alegre,2020-04-06,-1
6533,Recife,2020-04-06,7
6547,Rio de Janeiro,2020-04-06,42
6642,São Paulo,2020-04-06,142
6793,Belo Horizonte,2020-04-07,11
6814,Brasília,2020-04-07,24
6949,Fortaleza,2020-04-07,124
7226,Porto Alegre,2020-04-07,19
7251,Recife,2020-04-07,75
7266,Rio de Janeiro,2020-04-07,141
7373,São Paulo,2020-04-07,504
7541,Belo Horizonte,2020-04-08,24
7562,Brasília,2020-04-08,6
7704,Fortaleza,2020-04-08,185
8010,Porto Alegre,2020-04-08,7
8038,Recife,2020-04-08,33
8054,Rio de Janeiro,2020-04-08,198
8166,São Paulo,2020-04-08,689
8348,Belo Horizonte,2020-04-09,11
8371,Brasília,2020-04-09,14
8521,Fortaleza,2020-04-09,45
8850,Porto Alegre,2020-04-09,24
8878,Recife,2020-04-09,86
8896,Rio de Janeiro,2020-04-09,184
9012,São Paulo,2020-04-09,530
9199,Belo Horizonte,2020-04-10,20
9224,Brasília,2020-04-10,32
9382,Fortaleza,2020-04-10,83
9725,Porto Alegre,2020-04-10,0
9756,Recife,2020-04-10,73
9774,Rio de Janeiro,2020-04-10,175
9901,São Paulo,2020-04-10,505
10098,Belo Horizonte,2020-04-11,8
10123,Brasília,2020-04-11,27
10293,Fortaleza,2020-04-11,91
10648,Porto Alegre,2020-04-11,8
10681,Recife,2020-04-11,73
10700,Rio de Janeiro,2020-04-11,97
10837,São Paulo,2020-04-11,149
11041,Belo Horizonte,2020-04-12,17
11066,Brasília,2020-04-12,31
11242,Fortaleza,2020-04-12,72
11617,Porto Alegre,2020-04-12,3
11650,Recife,2020-04-12,71
11669,Rio de Janeiro,2020-04-12,91
11813,São Paulo,2020-04-12,221
12026,Belo Horizonte,2020-04-13,2
12052,Brasília,2020-04-13,22
12238,Fortaleza,2020-04-13,157
12626,Porto Alegre,2020-04-13,1
12659,Recife,2020-04-13,115
12679,Rio de Janeiro,2020-04-13,326
12826,São Paulo,2020-04-13,66
13049,Belo Horizonte,2020-04-14,16
13077,Brasília,2020-04-14,12
13273,Fortaleza,2020-04-14,108
13682,Porto Alegre,2020-04-14,12
13716,Recife,2020-04-14,61
13737,Rio de Janeiro,2020-04-14,71
13894,São Paulo,2020-04-14,287
14136,Belo Horizonte,2020-04-15,7
14168,Brasília,2020-04-15,32
14379,Fortaleza,2020-04-15,152
14811,Porto Alegre,2020-04-15,23
14848,Recife,2020-04-15,124
14873,Rio de Janeiro,2020-04-15,126
15035,São Paulo,2020-04-15,1059
15294,Belo Horizonte,2020-04-16,10
15326,Brasília,2020-04-16,32
15552,Fortaleza,2020-04-16,95
16001,Porto Alegre,2020-04-16,11
16041,Recife,2020-04-16,101
16068,Rio de Janeiro,2020-04-16,140
16236,São Paulo,2020-04-16,144
16503,Belo Horizonte,2020-04-17,16
16536,Brasília,2020-04-17,28
16771,Fortaleza,2020-04-17,259
17246,Porto Alegre,2020-04-17,8
17288,Recife,2020-04-17,178
17318,Rio de Janeiro,2020-04-17,287
17493,São Paulo,2020-04-17,836
17780,Belo Horizonte,2020-04-18,14
17815,Brasília,2020-04-18,38
18059,Fortaleza,2020-04-18,262
18559,Porto Alegre,2020-04-18,5
18602,Recife,2020-04-18,119
18633,Rio de Janeiro,2020-04-18,113
18816,São Paulo,2020-04-18,684
19120,Belo Horizonte,2020-04-19,28
19155,Brasília,2020-04-19,43
19406,Fortaleza,2020-04-19,126
19932,Porto Alegre,2020-04-19,0
19978,Recife,2020-04-19,144
20010,Rio de Janeiro,2020-04-19,67
20199,São Paulo,2020-04-19,240
20515,Belo Horizonte,2020-04-20,12
20552,Brasília,2020-04-20,34
20809,Fortaleza,2020-04-20,152
21359,Porto Alegre,2020-04-20,16
21408,Recife,2020-04-20,153
21440,Rio de Janeiro,2020-04-20,117
21632,São Paulo,2020-04-20,147
21958,Belo Horizonte,2020-04-21,7
21996,Brasília,2020-04-21,37
22261,Fortaleza,2020-04-21,178
22826,Porto Alegre,2020-04-21,3
22877,Recife,2020-04-21,135
22909,Rio de Janeiro,2020-04-21,344
23105,São Paulo,2020-04-21,527
23444,Belo Horizonte,2020-04-22,20
23484,Brasília,2020-04-22,44
23759,Fortaleza,2020-04-22,285
24342,Porto Alegre,2020-04-22,8
24395,Recife,2020-04-22,217
24429,Rio de Janeiro,2020-04-22,69
24633,São Paulo,2020-04-22,349
24986,Belo Horizonte,2020-04-23,4
25027,Brasília,2020-04-23,8
25315,Fortaleza,2020-04-23,488
25923,Porto Alegre,2020-04-23,12
25976,Recife,2020-04-23,158
26010,Rio de Janeiro,2020-04-23,371
26222,São Paulo,2020-04-23,534
26596,Belo Horizonte,2020-04-24,28
26641,Brasília,2020-04-24,38
26950,Fortaleza,2020-04-24,272
27589,Porto Alegre,2020-04-24,7
27646,Recife,2020-04-24,-415
27680,Rio de Janeiro,2020-04-24,64
27902,São Paulo,2020-04-24,575
28288,Belo Horizonte,2020-04-25,9
28338,Brasília,2020-04-25,12
28653,Fortaleza,2020-04-25,478
29321,Porto Alegre,2020-04-25,5
29382,Recife,2020-04-25,129
29417,Rio de Janeiro,2020-04-25,390
29645,São Paulo,2020-04-25,1298
30041,Belo Horizonte,2020-04-26,16
30092,Brasília,2020-04-26,95
30427,Fortaleza,2020-04-26,450
31125,Porto Alegre,2020-04-26,2
31187,Recife,2020-04-26,946
31222,Rio de Janeiro,2020-04-26,17
31456,São Paulo,2020-04-26,415
31868,Belo Horizonte,2020-04-27,15
31920,Brasília,2020-04-27,68
32264,Fortaleza,2020-04-27,335
32984,Porto Alegre,2020-04-27,3
33047,Recife,2020-04-27,249
33083,Rio de Janeiro,2020-04-27,763
33323,São Paulo,2020-04-27,476
33747,Belo Horizonte,2020-04-28,10
33800,Brasília,2020-04-28,39
34158,Fortaleza,2020-04-28,155
34924,Porto Alegre,2020-04-28,11
34990,Recife,2020-04-28,187
35030,Rio de Janeiro,2020-04-28,293
35284,São Paulo,2020-04-28,1408
35738,Belo Horizonte,2020-04-29,8
35794,Brasília,2020-04-29,79
36159,Fortaleza,2020-04-29,231
36952,Porto Alegre,2020-04-29,6
37020,Recife,2020-04-29,265
37062,Rio de Janeiro,2020-04-29,135
37327,São Paulo,2020-04-29,1241
37795,Belo Horizonte,2020-04-30,16
37853,Brasília,2020-04-30,105
38228,Fortaleza,2020-04-30,258
39058,Porto Alegre,2020-04-30,4
39129,Recife,2020-04-30,357
39172,Rio de Janeiro,2020-04-30,214
39449,São Paulo,2020-04-30,1511
39927,Belo Horizonte,2020-05-01,17
39987,Brasília,2020-05-01,116
40375,Fortaleza,2020-05-01,112
41223,Porto Alegre,2020-05-01,4
41296,Recife,2020-05-01,241
41341,Rio de Janeiro,2020-05-01,286
41625,São Paulo,2020-05-01,938
42121,Belo Horizonte,2020-05-02,16
42183,Brasília,2020-05-02,63
42588,Fortaleza,2020-05-02,271
43457,Porto Alegre,2020-05-02,-1
43533,Recife,2020-05-02,432
43580,Rio de Janeiro,2020-05-02,259
43875,São Paulo,2020-05-02,407
44382,Belo Horizonte,2020-05-03,20
44446,Brasília,2020-05-03,95
44861,Fortaleza,2020-05-03,64
45750,Porto Alegre,2020-05-03,6
45828,Recife,2020-05-03,249
45877,Rio de Janeiro,2020-05-03,302
46174,São Paulo,2020-05-03,328
46692,Belo Horizonte,2020-05-04,199
46757,Brasília,2020-05-04,54
47177,Fortaleza,2020-05-04,1781
48085,Porto Alegre,2020-05-04,4
48164,Recife,2020-05-04,105
48214,Rio de Janeiro,2020-05-04,533
48518,São Paulo,2020-05-04,251
49050,Belo Horizonte,2020-05-05,6
49118,Brasília,2020-05-05,37
49550,Fortaleza,2020-05-05,311
50492,Porto Alegre,2020-05-05,3
50575,Recife,2020-05-05,0
50627,Rio de Janeiro,2020-05-05,549
50942,São Paulo,2020-05-05,1067
51489,Belo Horizonte,2020-05-06,6
51560,Brasília,2020-05-06,186
52002,Fortaleza,2020-05-06,552
52967,Porto Alegre,2020-05-06,10
53052,Recife,2020-05-06,0
53105,Rio de Janeiro,2020-05-06,745
53427,São Paulo,2020-05-06,2047
53998,Belo Horizonte,2020-05-07,58
54071,Brasília,2020-05-07,185
54535,Fortaleza,2020-05-07,608
55526,Porto Alegre,2020-05-07,2
55612,Recife,2020-05-07,968
55667,Rio de Janeiro,2020-05-07,474
55998,São Paulo,2020-05-07,1086
56588,Belo Horizonte,2020-05-08,11
56663,Brasília,2020-05-08,139
57150,Fortaleza,2020-05-08,807
58171,Porto Alegre,2020-05-08,19
58259,Recife,2020-05-08,0
58317,Rio de Janeiro,2020-05-08,621
58666,São Paulo,2020-05-08,1094
59273,Belo Horizonte,2020-05-09,34
59349,Brasília,2020-05-09,133
59847,Fortaleza,2020-05-09,519
60898,Porto Alegre,2020-05-09,9
60991,Recife,2020-05-09,806
61052,Rio de Janeiro,2020-05-09,807
61409,São Paulo,2020-05-09,1420
62030,Belo Horizonte,2020-05-10,13
62107,Brasília,2020-05-10,114
62615,Fortaleza,2020-05-10,561
63686,Porto Alegre,2020-05-10,1
63782,Recife,2020-05-10,403
63843,Rio de Janeiro,2020-05-10,41
64206,São Paulo,2020-05-10,520
64835,Belo Horizonte,2020-05-11,6
64913,Brasília,2020-05-11,107
65437,Fortaleza,2020-05-11,379
66529,Porto Alegre,2020-05-11,21
66628,Recife,2020-05-11,240
66689,Rio de Janeiro,2020-05-11,99
67059,São Paulo,2020-05-11,464
67695,Belo Horizonte,2020-05-12,13
67773,Brasília,2020-05-12,162
68309,Fortaleza,2020-05-12,549
69421,Porto Alegre,2020-05-12,17
69521,Recife,2020-05-12,253
69585,Rio de Janeiro,2020-05-12,197
69965,São Paulo,2020-05-12,911
70613,Belo Horizonte,2020-05-13,56
70693,Brasília,2020-05-13,167
71244,Fortaleza,2020-05-13,553
72380,Porto Alegre,2020-05-13,18
72484,Recife,2020-05-13,280
72551,Rio de Janeiro,2020-05-13,210
72945,São Paulo,2020-05-13,1720
73610,Belo Horizonte,2020-05-14,20
73692,Brasília,2020-05-14,173
74256,Fortaleza,2020-05-14,740
75416,Porto Alegre,2020-05-14,10
75521,Recife,2020-05-14,339
75588,Rio de Janeiro,2020-05-14,238
75992,São Paulo,2020-05-14,1471
76671,Belo Horizonte,2020-05-15,20
76754,Brasília,2020-05-15,319
77339,Fortaleza,2020-05-15,913
78544,Porto Alegre,2020-05-15,23
78653,Recife,2020-05-15,256
78720,Rio de Janeiro,2020-05-15,451
79139,São Paulo,2020-05-15,2119
79829,Belo Horizonte,2020-05-16,62
79913,Brasília,2020-05-16,309
80509,Fortaleza,2020-05-16,472
81740,Porto Alegre,2020-05-16,0
81850,Recife,2020-05-16,1061
81917,Rio de Janeiro,2020-05-16,580
82345,São Paulo,2020-05-16,1437
83044,Belo Horizonte,2020-05-17,10
83128,Brasília,2020-05-17,218
83729,Fortaleza,2020-05-17,209
84973,Porto Alegre,2020-05-17,5
85083,Recife,2020-05-17,359
85151,Rio de Janeiro,2020-05-17,626
85581,São Paulo,2020-05-17,502
86287,Belo Horizonte,2020-05-18,29
86372,Brasília,2020-05-18,204
86988,Fortaleza,2020-05-18,798
88255,Porto Alegre,2020-05-18,1
88368,Recife,2020-05-18,275
88437,Rio de Janeiro,2020-05-18,522
88874,São Paulo,2020-05-18,257
89591,Belo Horizonte,2020-05-19,60
89678,Brasília,2020-05-19,216
90309,Fortaleza,2020-05-19,615
91603,Porto Alegre,2020-05-19,0
91716,Recife,2020-05-19,514
91787,Rio de Janeiro,2020-05-19,1088
92237,São Paulo,2020-05-19,1452
92963,Belo Horizonte,2020-05-20,38
93056,Brasília,2020-05-20,384
93699,Fortaleza,2020-05-20,1226
95026,Porto Alegre,2020-05-20,-2
95142,Recife,2020-05-20,493
95216,Rio de Janeiro,2020-05-20,2535
95682,São Paulo,2020-05-20,1826
96424,Belo Horizonte,2020-05-21,29
96517,Brasília,2020-05-21,234
97170,Fortaleza,2020-05-21,634
98526,Porto Alegre,2020-05-21,0
98643,Recife,2020-05-21,530
98718,Rio de Janeiro,2020-05-21,1677
99188,São Paulo,2020-05-21,1985
99944,Belo Horizonte,2020-05-22,35
100040,Brasília,2020-05-22,380
100710,Fortaleza,2020-05-22,626
102085,Porto Alegre,2020-05-22,0
102203,Recife,2020-05-22,939
102286,Rio de Janeiro,2020-05-22,1418
102766,São Paulo,2020-05-22,1522
103535,Belo Horizonte,2020-05-23,42
103635,Brasília,2020-05-23,268
104333,Fortaleza,2020-05-23,282
105757,Porto Alegre,2020-05-23,0
105876,Recife,2020-05-23,401
105964,Rio de Janeiro,2020-05-23,882
106457,São Paulo,2020-05-23,1914
107239,Belo Horizonte,2020-05-24,41
107341,Brasília,2020-05-24,297
108048,Fortaleza,2020-05-24,243
109485,Porto Alegre,2020-05-24,1
109606,Recife,2020-05-24,373
109694,Rio de Janeiro,2020-05-24,732
110196,São Paulo,2020-05-24,640
110984,Belo Horizonte,2020-05-25,10
111087,Brasília,2020-05-25,295
111796,Fortaleza,2020-05-25,351
113247,Porto Alegre,2020-05-25,1
113370,Recife,2020-05-25,252
113458,Rio de Janeiro,2020-05-25,691
113965,São Paulo,2020-05-25,677
114762,Belo Horizonte,2020-05-26,90
114866,Brasília,2020-05-26,254
115586,Fortaleza,2020-05-26,643
117051,Porto Alegre,2020-05-26,0
117175,Recife,2020-05-26,163
117265,Rio de Janeiro,2020-05-26,824
117778,São Paulo,2020-05-26,1350
118583,Belo Horizonte,2020-05-27,79
118688,Brasília,2020-05-27,528
119418,Fortaleza,2020-05-27,150
120901,Porto Alegre,2020-05-27,0
121025,Recife,2020-05-27,374
121116,Rio de Janeiro,2020-05-27,1460
121636,São Paulo,2020-05-27,1710
122449,Belo Horizonte,2020-05-28,61
122556,Brasília,2020-05-28,511
123301,Fortaleza,2020-05-28,389
124811,Porto Alegre,2020-05-28,2
124937,Recife,2020-05-28,279
125028,Rio de Janeiro,2020-05-28,1224
125557,São Paulo,2020-05-28,3455
126382,Belo Horizonte,2020-05-29,92
126489,Brasília,2020-05-29,387
127251,Fortaleza,2020-05-29,377
128780,Porto Alegre,2020-05-29,32
128909,Recife,2020-05-29,467
129000,Rio de Janeiro,2020-05-29,1337
129539,São Paulo,2020-05-29,3022
130379,Belo Horizonte,2020-05-30,12
130488,Brasília,2020-05-30,661
131262,Fortaleza,2020-05-30,1673
132808,Porto Alegre,2020-05-30,94
132937,Recife,2020-05-30,333
133029,Rio de Janeiro,2020-05-30,1170
133575,São Paulo,2020-05-30,2878
134421,Belo Horizonte,2020-05-31,74
134530,Brasília,2020-05-31,269
135312,Fortaleza,2020-05-31,235
136870,Porto Alegre,2020-05-31,12
136999,Recife,2020-05-31,309
137091,Rio de Janeiro,2020-05-31,676
137640,São Paulo,2020-05-31,1512
138491,Belo Horizonte,2020-06-01,30
138603,Brasília,2020-06-01,679
139387,Fortaleza,2020-06-01,491
140954,Porto Alegre,2020-06-01,1
141084,Recife,2020-06-01,91
141176,Rio de Janeiro,2020-06-01,857
141727,São Paulo,2020-06-01,995
142586,Belo Horizonte,2020-06-02,30
142698,Brasília,2020-06-02,688
143496,Fortaleza,2020-06-02,1240
145080,Porto Alegre,2020-06-02,3
145211,Recife,2020-06-02,184
145304,Rio de Janeiro,2020-06-02,1190
145861,São Paulo,2020-06-02,3317
146728,Belo Horizonte,2020-06-03,117
146843,Brasília,2020-06-03,707
147652,Fortaleza,2020-06-03,382
149241,Porto Alegre,2020-06-03,31
149372,Recife,2020-06-03,228
149466,Rio de Janeiro,2020-06-03,1747
150029,São Paulo,2020-06-03,2334
150902,Belo Horizonte,2020-06-04,115
151017,Brasília,2020-06-04,817
151834,Fortaleza,2020-06-04,788
153438,Porto Alegre,2020-06-04,171
153571,Recife,2020-06-04,273
153665,Rio de Janeiro,2020-06-04,744
154232,São Paulo,2020-06-04,2570
155112,Belo Horizonte,2020-06-05,161
155231,Brasília,2020-06-05,1166
156061,Fortaleza,2020-06-05,560
157684,Porto Alegre,2020-06-05,128
157820,Recife,2020-06-05,270
157917,Rio de Janeiro,2020-06-05,1348
158489,São Paulo,2020-06-05,2106
159376,Belo Horizonte,2020-06-06,103
159499,Brasília,2020-06-06,1466
160340,Fortaleza,2020-06-06,246
161980,Porto Alegre,2020-06-06,54
162116,Recife,2020-06-06,175
162213,Rio de Janeiro,2020-06-06,660
162787,São Paulo,2020-06-06,2408
163681,Belo Horizonte,2020-06-07,89
163805,Brasília,2020-06-07,685
164653,Fortaleza,2020-06-07,91
166304,Porto Alegre,2020-06-07,8
166443,Recife,2020-06-07,214
166540,Rio de Janeiro,2020-06-07,412
167117,São Paulo,2020-06-07,935
168020,Belo Horizonte,2020-06-08,17
168145,Brasília,2020-06-08,291
169011,Fortaleza,2020-06-08,478
170692,Porto Alegre,2020-06-08,2
170831,Recife,2020-06-08,128
170930,Rio de Janeiro,2020-06-08,778
171513,São Paulo,2020-06-08,903
172424,Belo Horizonte,2020-06-09,35
172549,Brasília,2020-06-09,1038
173418,Fortaleza,2020-06-09,661
175108,Porto Alegre,2020-06-09,12
175248,Recife,2020-06-09,96
175347,Rio de Janeiro,2020-06-09,1010
175938,São Paulo,2020-06-09,2327
176853,Belo Horizonte,2020-06-10,283
176979,Brasília,2020-06-10,1199
177857,Fortaleza,2020-06-10,772
179563,Porto Alegre,2020-06-10,92
179705,Recife,2020-06-10,244
179807,Rio de Janeiro,2020-06-10,1057
180402,São Paulo,2020-06-10,2431
181326,Belo Horizonte,2020-06-11,87
181452,Brasília,2020-06-11,921
182337,Fortaleza,2020-06-11,629
184059,Porto Alegre,2020-06-11,52
184202,Recife,2020-06-11,308
184305,Rio de Janeiro,2020-06-11,1057
184903,São Paulo,2020-06-11,2619
185831,Belo Horizonte,2020-06-12,175
185957,Brasília,2020-06-12,793
186845,Fortaleza,2020-06-12,259
188570,Porto Alegre,2020-06-12,7
188714,Recife,2020-06-12,181
188817,Rio de Janeiro,2020-06-12,487
189421,São Paulo,2020-06-12,2546
190349,Belo Horizonte,2020-06-13,130
190475,Brasília,2020-06-13,505
191365,Fortaleza,2020-06-13,113
193095,Porto Alegre,2020-06-13,42
193239,Recife,2020-06-13,236
193342,Rio de Janeiro,2020-06-13,907
193950,São Paulo,2020-06-13,2403
194880,Belo Horizonte,2020-06-14,201
195006,Brasília,2020-06-14,824
195898,Fortaleza,2020-06-14,103
197634,Porto Alegre,2020-06-14,7
197778,Recife,2020-06-14,151
197881,Rio de Janeiro,2020-06-14,357
198491,São Paulo,2020-06-14,3173
199423,Belo Horizonte,2020-06-15,62
199549,Brasília,2020-06-15,697
200446,Fortaleza,2020-06-15,437
202190,Porto Alegre,2020-06-15,45
202335,Recife,2020-06-15,80
202438,Rio de Janeiro,2020-06-15,617
203053,São Paulo,2020-06-15,2250
203989,Belo Horizonte,2020-06-16,1
204115,Brasília,2020-06-16,1177
205018,Fortaleza,2020-06-16,123
206781,Porto Alegre,2020-06-16,170
206927,Recife,2020-06-16,182
207030,Rio de Janeiro,2020-06-16,1489
207648,São Paulo,2020-06-16,4228
208591,Belo Horizonte,2020-06-17,143
208717,Brasília,2020-06-17,1624
209625,Fortaleza,2020-06-17,855
211405,Porto Alegre,2020-06-17,43
211551,Recife,2020-06-17,247
211654,Rio de Janeiro,2020-06-17,2104
212275,São Paulo,2020-06-17,456
213225,Belo Horizonte,2020-06-18,179
213351,Brasília,2020-06-18,1190
214264,Fortaleza,2020-06-18,385
216058,Porto Alegre,2020-06-18,21
216207,Recife,2020-06-18,229
216310,Rio de Janeiro,2020-06-18,277
216936,São Paulo,2020-06-18,398
217891,Belo Horizonte,2020-06-19,69
218018,Brasília,2020-06-19,2179
218934,Fortaleza,2020-06-19,305
220746,Porto Alegre,2020-06-19,16
220896,Recife,2020-06-19,201
221001,Rio de Janeiro,2020-06-19,2498
221630,São Paulo,2020-06-19,6877
222591,Belo Horizonte,2020-06-20,113
222719,Brasília,2020-06-20,1269
223642,Fortaleza,2020-06-20,263
225463,Porto Alegre,2020-06-20,21
225616,Recife,2020-06-20,187
225721,Rio de Janeiro,2020-06-20,1376
226360,São Paulo,2020-06-20,184
227324,Belo Horizonte,2020-06-21,91
227453,Brasília,2020-06-21,876
228380,Fortaleza,2020-06-21,60
230205,Porto Alegre,2020-06-21,4
230358,Recife,2020-06-21,234
230463,Rio de Janeiro,2020-06-21,301
231104,São Paulo,2020-06-21,949
232071,Belo Horizonte,2020-06-22,345
232202,Brasília,2020-06-22,829
233134,Fortaleza,2020-06-22,344
234964,Porto Alegre,2020-06-22,21
235118,Recife,2020-06-22,66
235223,Rio de Janeiro,2020-06-22,492
235866,São Paulo,2020-06-22,1191
236835,Belo Horizonte,2020-06-23,239
236967,Brasília,2020-06-23,1030
237905,Fortaleza,2020-06-23,557
239745,Porto Alegre,2020-06-23,174
239902,Recife,2020-06-23,39
240007,Rio de Janeiro,2020-06-23,1403
240657,São Paulo,2020-06-23,2483
241628,Belo Horizonte,2020-06-24,105
241760,Brasília,2020-06-24,1639
242702,Fortaleza,2020-06-24,272
244547,Porto Alegre,2020-06-24,255
244705,Recife,2020-06-24,257
244810,Rio de Janeiro,2020-06-24,982
245465,São Paulo,2020-06-24,3047
246439,Belo Horizonte,2020-06-25,170
246571,Brasília,2020-06-25,1407
247514,Fortaleza,2020-06-25,421
249365,Porto Alegre,2020-06-25,142
249523,Recife,2020-06-25,190
249630,Rio de Janeiro,2020-06-25,862
250290,São Paulo,2020-06-25,4050
251267,Belo Horizonte,2020-06-26,35
251399,Brasília,2020-06-26,1961
252349,Fortaleza,2020-06-26,271
254213,Porto Alegre,2020-06-26,118
254371,Recife,2020-06-26,110
254481,Rio de Janeiro,2020-06-26,983
255151,São Paulo,2020-06-26,3852
256146,Belo Horizonte,2020-06-27,0
256284,Brasília,2020-06-27,1178
257272,Fortaleza,2020-06-27,273
259201,Porto Alegre,2020-06-27,73
259362,Recife,2020-06-27,166
259477,Rio de Janeiro,2020-06-27,134
260179,São Paulo,2020-06-27,1596
261194,Belo Horizonte,2020-06-28,218
261332,Brasília,2020-06-28,2071
262320,Fortaleza,2020-06-28,20
264250,Porto Alegre,2020-06-28,8
264413,Recife,2020-06-28,137
264528,Rio de Janeiro,2020-06-28,774
265231,São Paulo,2020-06-28,1346
266249,Belo Horizonte,2020-06-29,245
266387,Brasília,2020-06-29,2136
267380,Fortaleza,2020-06-29,69
269312,Porto Alegre,2020-06-29,20
269475,Recife,2020-06-29,78
269590,Rio de Janeiro,2020-06-29,291
270294,São Paulo,2020-06-29,907
271314,Belo Horizonte,2020-06-30,70
271452,Brasília,2020-06-30,1951
272447,Fortaleza,2020-06-30,232
274385,Porto Alegre,2020-06-30,105
274549,Recife,2020-06-30,73
274664,Rio de Janeiro,2020-06-30,585
275373,São Paulo,2020-06-30,2107
276396,Belo Horizonte,2020-07-01,405
276534,Brasília,2020-07-01,1311
277529,Fortaleza,2020-07-01,302
279472,Porto Alegre,2020-07-01,111
279636,Recife,2020-07-01,166
279752,Rio de Janeiro,2020-07-01,943
280462,São Paulo,2020-07-01,2209
281488,Belo Horizonte,2020-07-02,655
281627,Brasília,2020-07-02,1448
282625,Fortaleza,2020-07-02,284
284569,Porto Alegre,2020-07-02,79
284733,Recife,2020-07-02,208
284849,Rio de Janeiro,2020-07-02,736
285561,São Paulo,2020-07-02,5656
286592,Belo Horizonte,2020-07-03,574
286731,Brasília,2020-07-03,1509
287730,Fortaleza,2020-07-03,373
289677,Porto Alegre,2020-07-03,105
289841,Recife,2020-07-03,152
289957,Rio de Janeiro,2020-07-03,833
290671,São Paulo,2020-07-03,2090
291704,Belo Horizonte,2020-07-04,417
291843,Brasília,2020-07-04,1541
292844,Fortaleza,2020-07-04,603
294799,Porto Alegre,2020-07-04,123
294963,Recife,2020-07-04,145
295079,Rio de Janeiro,2020-07-04,585
295793,São Paulo,2020-07-04,688
296827,Belo Horizonte,2020-07-05,329
296966,Brasília,2020-07-05,2008
297968,Fortaleza,2020-07-05,64
299925,Porto Alegre,2020-07-05,104
300089,Recife,2020-07-05,283
300205,Rio de Janeiro,2020-07-05,200
300921,São Paulo,2020-07-05,2109
301955,Belo Horizonte,2020-07-06,190
302094,Brasília,2020-07-06,2391
303097,Fortaleza,2020-07-06,132
305059,Porto Alegre,2020-07-06,47
305223,Recife,2020-07-06,56
305339,Rio de Janeiro,2020-07-06,363
306058,São Paulo,2020-07-06,360
307096,Belo Horizonte,2020-07-07,193
307235,Brasília,2020-07-07,1965
308240,Fortaleza,2020-07-07,267
310205,Porto Alegre,2020-07-07,237
310369,Recife,2020-07-07,100
310485,Rio de Janeiro,2020-07-07,1062
311206,São Paulo,2020-07-07,2271
312249,Belo Horizonte,2020-07-08,501
312391,Brasília,2020-07-08,1414
313404,Fortaleza,2020-07-08,283
315377,Porto Alegre,2020-07-08,244
315542,Recife,2020-07-08,253
315659,Rio de Janeiro,2020-07-08,805
316383,São Paulo,2020-07-08,2071
317429,Belo Horizonte,2020-07-09,587
317571,Brasília,2020-07-09,1200
318586,Fortaleza,2020-07-09,103
320561,Porto Alegre,2020-07-09,87
320726,Recife,2020-07-09,206
320843,Rio de Janeiro,2020-07-09,933
321567,São Paulo,2020-07-09,2166
322616,Belo Horizonte,2020-07-10,617
322758,Brasília,2020-07-10,1431
323775,Fortaleza,2020-07-10,219
325752,Porto Alegre,2020-07-10,62
325917,Recife,2020-07-10,215
326034,Rio de Janeiro,2020-07-10,631
326759,São Paulo,2020-07-10,2692
327808,Belo Horizonte,2020-07-11,640
327950,Brasília,2020-07-11,969
328968,Fortaleza,2020-07-11,96
330946,Porto Alegre,2020-07-11,124
331112,Recife,2020-07-11,236
331229,Rio de Janeiro,2020-07-11,75
331954,São Paulo,2020-07-11,1934
333005,Belo Horizonte,2020-07-12,0
333147,Brasília,2020-07-12,2084
334165,Fortaleza,2020-07-12,88
336143,Porto Alegre,2020-07-12,16
336309,Recife,2020-07-12,242
336426,Rio de Janeiro,2020-07-12,8
337152,São Paulo,2020-07-12,1441
338204,Belo Horizonte,2020-07-13,0
338346,Brasília,2020-07-13,1379
339365,Fortaleza,2020-07-13,15
341345,Porto Alegre,2020-07-13,52
341511,Recife,2020-07-13,83
341628,Rio de Janeiro,2020-07-13,525
342354,São Paulo,2020-07-13,1207
343407,Belo Horizonte,2020-07-14,686
343550,Brasília,2020-07-14,1130
344570,Fortaleza,2020-07-14,226
346553,Porto Alegre,2020-07-14,179
346719,Recife,2020-07-14,120
346836,Rio de Janeiro,2020-07-14,486
347562,São Paulo,2020-07-14,4789
348615,Belo Horizonte,2020-07-15,819
348759,Brasília,2020-07-15,1321
349780,Fortaleza,2020-07-15,386
351764,Porto Alegre,2020-07-15,82
351931,Recife,2020-07-15,239
352048,Rio de Janeiro,2020-07-15,368
352776,São Paulo,2020-07-15,1524
353831,Belo Horizonte,2020-07-16,0
353975,Brasília,2020-07-16,2051
354996,Fortaleza,2020-07-16,115
356981,Porto Alegre,2020-07-16,1619
357149,Recife,2020-07-16,179
357266,Rio de Janeiro,2020-07-16,82
357996,São Paulo,2020-07-16,1916
359051,Belo Horizonte,2020-07-17,108
359195,Brasília,2020-07-17,1462
360217,Fortaleza,2020-07-17,833
362203,Porto Alegre,2020-07-17,288
362371,Recife,2020-07-17,227
362488,Rio de Janeiro,2020-07-17,125
363218,São Paulo,2020-07-17,1382
364273,Belo Horizonte,2020-07-18,1469
364417,Brasília,2020-07-18,1320
365439,Fortaleza,2020-07-18,0
367426,Porto Alegre,2020-07-18,32
367594,Recife,2020-07-18,130
367711,Rio de Janeiro,2020-07-18,0
368441,São Paulo,2020-07-18,1470
369496,Belo Horizonte,2020-07-19,0
369641,Brasília,2020-07-19,1158
370663,Fortaleza,2020-07-19,239
372651,Porto Alegre,2020-07-19,157
372819,Recife,2020-07-19,188
372936,Rio de Janeiro,2020-07-19,1213
373667,São Paulo,2020-07-19,979
374722,Belo Horizonte,2020-07-20,0
374868,Brasília,2020-07-20,1652
375890,Fortaleza,2020-07-20,-50
377879,Porto Alegre,2020-07-20,208
378047,Recife,2020-07-20,151
378164,Rio de Janeiro,2020-07-20,127
378895,São Paulo,2020-07-20,275
379951,Belo Horizonte,2020-07-21,301
380097,Brasília,2020-07-21,1588
381119,Fortaleza,2020-07-21,350
383112,Porto Alegre,2020-07-21,183
383280,Recife,2020-07-21,58
383397,Rio de Janeiro,2020-07-21,85
384128,São Paulo,2020-07-21,1453
385185,Belo Horizonte,2020-07-22,88
385333,Brasília,2020-07-22,1458
386357,Fortaleza,2020-07-22,211
388350,Porto Alegre,2020-07-22,116
388518,Recife,2020-07-22,146
388635,Rio de Janeiro,2020-07-22,1213
389366,São Paulo,2020-07-22,3318
390423,Belo Horizonte,2020-07-23,962
390571,Brasília,2020-07-23,1898
391596,Fortaleza,2020-07-23,231
393590,Porto Alegre,2020-07-23,189
393758,Recife,2020-07-23,353
393875,Rio de Janeiro,2020-07-23,176
394606,São Paulo,2020-07-23,2591
395664,Belo Horizonte,2020-07-24,1049
395812,Brasília,2020-07-24,2100
396838,Fortaleza,2020-07-24,309
398832,Porto Alegre,2020-07-24,255
399000,Recife,2020-07-24,276
399117,Rio de Janeiro,2020-07-24,946
399848,São Paulo,2020-07-24,2480
400906,Belo Horizonte,2020-07-25,570
401055,Brasília,2020-07-25,1634
402081,Fortaleza,2020-07-25,158
404076,Porto Alegre,2020-07-25,329
404244,Recife,2020-07-25,288
404361,Rio de Janeiro,2020-07-25,90
405094,São Paulo,2020-07-25,2925
406153,Belo Horizonte,2020-07-26,567
406302,Brasília,2020-07-26,1850
407328,Fortaleza,2020-07-26,54
409323,Porto Alegre,2020-07-26,35
409491,Recife,2020-07-26,311
409609,Rio de Janeiro,2020-07-26,24
410342,São Paulo,2020-07-26,662
411401,Belo Horizonte,2020-07-27,0
411550,Brasília,2020-07-27,1902
412577,Fortaleza,2020-07-27,49
414572,Porto Alegre,2020-07-27,16
414740,Recife,2020-07-27,117
414858,Rio de Janeiro,2020-07-27,800
415592,São Paulo,2020-07-27,2250
416651,Belo Horizonte,2020-07-28,960
416800,Brasília,2020-07-28,1998
417828,Fortaleza,2020-07-28,405
419827,Porto Alegre,2020-07-28,89
419995,Recife,2020-07-28,154
420113,Rio de Janeiro,2020-07-28,70
420847,São Paulo,2020-07-28,3681
421906,Belo Horizonte,2020-07-29,0
422055,Brasília,2020-07-29,1381
423083,Fortaleza,2020-07-29,254
425082,Porto Alegre,2020-07-29,288
425250,Recife,2020-07-29,266
425368,Rio de Janeiro,2020-07-29,252
426103,São Paulo,2020-07-29,3119
427162,Belo Horizonte,2020-07-30,915
427311,Brasília,2020-07-30,1843
428339,Fortaleza,2020-07-30,117
430340,Porto Alegre,2020-07-30,167
430508,Recife,2020-07-30,203
430626,Rio de Janeiro,2020-07-30,297
431361,São Paulo,2020-07-30,4857
432420,Belo Horizonte,2020-07-31,1164
432569,Brasília,2020-07-31,1493
433598,Fortaleza,2020-07-31,-75
435599,Porto Alegre,2020-07-31,44
435767,Recife,2020-07-31,225
435885,Rio de Janeiro,2020-07-31,333
436620,São Paulo,2020-07-31,3876
437679,Belo Horizonte,2020-08-01,0
437828,Brasília,2020-08-01,1463
438858,Fortaleza,2020-08-01,154
440860,Porto Alegre,2020-08-01,371
441028,Recife,2020-08-01,358
441146,Rio de Janeiro,2020-08-01,470
441882,São Paulo,2020-08-01,2114
442942,Belo Horizonte,2020-08-02,0
443091,Brasília,2020-08-02,1877
444121,Fortaleza,2020-08-02,164
446123,Porto Alegre,2020-08-02,-5
446291,Recife,2020-08-02,179
446409,Rio de Janeiro,2020-08-02,10
447145,São Paulo,2020-08-02,770
448206,Belo Horizonte,2020-08-03,318
448355,Brasília,2020-08-03,1661
449385,Fortaleza,2020-08-03,-27
451388,Porto Alegre,2020-08-03,50
451556,Recife,2020-08-03,67
451674,Rio de Janeiro,2020-08-03,277
452410,São Paulo,2020-08-03,261
453471,Belo Horizonte,2020-08-04,0
453620,Brasília,2020-08-04,1853
454650,Fortaleza,2020-08-04,207
456653,Porto Alegre,2020-08-04,106
456821,Recife,2020-08-04,101
456939,Rio de Janeiro,2020-08-04,643
457675,São Paulo,2020-08-04,2574
458736,Belo Horizonte,2020-08-05,0
458885,Brasília,2020-08-05,1835
459915,Fortaleza,2020-08-05,235
461918,Porto Alegre,2020-08-05,442
462086,Recife,2020-08-05,218
462204,Rio de Janeiro,2020-08-05,674
462941,São Paulo,2020-08-05,2823
464002,Belo Horizonte,2020-08-06,2082
464151,Brasília,2020-08-06,2130
465181,Fortaleza,2020-08-06,201
467185,Porto Alegre,2020-08-06,312
467353,Recife,2020-08-06,162
467471,Rio de Janeiro,2020-08-06,121
468208,São Paulo,2020-08-06,3457
469269,Belo Horizonte,2020-08-07,1439
469418,Brasília,2020-08-07,1345
470449,Fortaleza,2020-08-07,535
472454,Porto Alegre,2020-08-07,41
472622,Recife,2020-08-07,209
472740,Rio de Janeiro,2020-08-07,338
473477,São Paulo,2020-08-07,1910
474539,Belo Horizonte,2020-08-08,0
474688,Brasília,2020-08-08,1714
475719,Fortaleza,2020-08-08,427
477724,Porto Alegre,2020-08-08,354
477892,Recife,2020-08-08,185
478010,Rio de Janeiro,2020-08-08,548
478747,São Paulo,2020-08-08,2038
479809,Belo Horizonte,2020-08-09,0
479958,Brasília,2020-08-09,988
480989,Fortaleza,2020-08-09,17
482994,Porto Alegre,2020-08-09,18
483162,Recife,2020-08-09,144
483280,Rio de Janeiro,2020-08-09,18
484017,São Paulo,2020-08-09,587
485079,Belo Horizonte,2020-08-10,981
485228,Brasília,2020-08-10,2699
486259,Fortaleza,2020-08-10,142
488265,Porto Alegre,2020-08-10,-1
488433,Recife,2020-08-10,42
488551,Rio de Janeiro,2020-08-10,253
489288,São Paulo,2020-08-10,235
490350,Belo Horizonte,2020-08-11,0
490499,Brasília,2020-08-11,1125
491530,Fortaleza,2020-08-11,289
493536,Porto Alegre,2020-08-11,204
493704,Recife,2020-08-11,134
493822,Rio de Janeiro,2020-08-11,1428
494560,São Paulo,2020-08-11,2915
495622,Belo Horizonte,2020-08-12,1344
495771,Brasília,2020-08-12,1534
496802,Fortaleza,2020-08-12,221
498809,Porto Alegre,2020-08-12,124
498977,Recife,2020-08-12,254
499095,Rio de Janeiro,2020-08-12,1525
499833,São Paulo,2020-08-12,6896
500896,Belo Horizonte,2020-08-13,446
501045,Brasília,2020-08-13,1753
502076,Fortaleza,2020-08-13,215
504084,Porto Alegre,2020-08-13,115
504253,Recife,2020-08-13,192
504371,Rio de Janeiro,2020-08-13,873
505109,São Paulo,2020-08-13,7063
506173,Belo Horizonte,2020-08-14,599
506322,Brasília,2020-08-14,1708
507353,Fortaleza,2020-08-14,127
509361,Porto Alegre,2020-08-14,116
509530,Recife,2020-08-14,255
509648,Rio de Janeiro,2020-08-14,1365
510386,São Paulo,2020-08-14,2784
511450,Belo Horizonte,2020-08-15,0
511599,Brasília,2020-08-15,1694
512630,Fortaleza,2020-08-15,44
514639,Porto Alegre,2020-08-15,163
514808,Recife,2020-08-15,272
514926,Rio de Janeiro,2020-08-15,700
515664,São Paulo,2020-08-15,1532
516729,Belo Horizonte,2020-08-16,0
516878,Brasília,2020-08-16,1253
517909,Fortaleza,2020-08-16,21
519918,Porto Alegre,2020-08-16,30
520087,Recife,2020-08-16,184
520205,Rio de Janeiro,2020-08-16,197
520943,São Paulo,2020-08-16,347
522008,Belo Horizonte,2020-08-17,977
522157,Brasília,2020-08-17,2015
523188,Fortaleza,2020-08-17,48
525197,Porto Alegre,2020-08-17,57
525366,Recife,2020-08-17,57
525484,Rio de Janeiro,2020-08-17,137
526223,São Paulo,2020-08-17,297
527288,Belo Horizonte,2020-08-18,187
527437,Brasília,2020-08-18,1100
528468,Fortaleza,2020-08-18,146
530477,Porto Alegre,2020-08-18,150
530646,Recife,2020-08-18,142
530764,Rio de Janeiro,2020-08-18,1289
531503,São Paulo,2020-08-18,1771
532568,Belo Horizonte,2020-08-19,624
532717,Brasília,2020-08-19,1407
533748,Fortaleza,2020-08-19,137
535757,Porto Alegre,2020-08-19,264
535926,Recife,2020-08-19,190
536045,Rio de Janeiro,2020-08-19,1547
536784,São Paulo,2020-08-19,2181
537849,Belo Horizonte,2020-08-20,417
537998,Brasília,2020-08-20,1795
539029,Fortaleza,2020-08-20,163
541038,Porto Alegre,2020-08-20,38
541207,Recife,2020-08-20,149
541326,Rio de Janeiro,2020-08-20,753
542065,São Paulo,2020-08-20,1649
543130,Belo Horizonte,2020-08-21,615
543279,Brasília,2020-08-21,1511
544310,Fortaleza,2020-08-21,74
546319,Porto Alegre,2020-08-21,65
546489,Recife,2020-08-21,236
546608,Rio de Janeiro,2020-08-21,1000
547347,São Paulo,2020-08-21,825
548413,Belo Horizonte,2020-08-22,0
548562,Brasília,2020-08-22,1434
549593,Fortaleza,2020-08-22,60
551602,Porto Alegre,2020-08-22,322
551772,Recife,2020-08-22,102
551891,Rio de Janeiro,2020-08-22,931
552630,São Paulo,2020-08-22,3903
553696,Belo Horizonte,2020-08-23,0
553845,Brasília,2020-08-23,1670
554876,Fortaleza,2020-08-23,62
556885,Porto Alegre,2020-08-23,17
557056,Recife,2020-08-23,200
557175,Rio de Janeiro,2020-08-23,348
557914,São Paulo,2020-08-23,911
558981,Belo Horizonte,2020-08-24,176
559130,Brasília,2020-08-24,1219
560161,Fortaleza,2020-08-24,247
562170,Porto Alegre,2020-08-24,16
562341,Recife,2020-08-24,51
562460,Rio de Janeiro,2020-08-24,397
563199,São Paulo,2020-08-24,327
564266,Belo Horizonte,2020-08-25,980
564415,Brasília,2020-08-25,2951
565446,Fortaleza,2020-08-25,145
567455,Porto Alegre,2020-08-25,102
567626,Recife,2020-08-25,102
567745,Rio de Janeiro,2020-08-25,584
568484,São Paulo,2020-08-25,2441
569551,Belo Horizonte,2020-08-26,379
569700,Brasília,2020-08-26,1342
570731,Fortaleza,2020-08-26,301
572740,Porto Alegre,2020-08-26,133
572911,Recife,2020-08-26,181
573030,Rio de Janeiro,2020-08-26,951
573769,São Paulo,2020-08-26,1892
574837,Belo Horizonte,2020-08-27,463
574986,Brasília,2020-08-27,1415
576017,Fortaleza,2020-08-27,110
578026,Porto Alegre,2020-08-27,0
578197,Recife,2020-08-27,151
578316,Rio de Janeiro,2020-08-27,735
579055,São Paulo,2020-08-27,2083
580123,Belo Horizonte,2020-08-28,418
580272,Brasília,2020-08-28,1105
581303,Fortaleza,2020-08-28,162
583313,Porto Alegre,2020-08-28,355
583484,Recife,2020-08-28,168
583603,Rio de Janeiro,2020-08-28,0
584342,São Paulo,2020-08-28,2365
585410,Belo Horizonte,2020-08-29,0
585559,Brasília,2020-08-29,1214
586590,Fortaleza,2020-08-29,50
588600,Porto Alegre,2020-08-29,847
588771,Recife,2020-08-29,252
588890,Rio de Janeiro,2020-08-29,829
589629,São Paulo,2020-08-29,0
590697,Belo Horizonte,2020-08-30,0
590846,Brasília,2020-08-30,1079
591877,Fortaleza,2020-08-30,58
593887,Porto Alegre,2020-08-30,5
594058,Recife,2020-08-30,128
594177,Rio de Janeiro,2020-08-30,82
594916,São Paulo,2020-08-30,1267
595984,Belo Horizonte,2020-08-31,823
596133,Brasília,2020-08-31,1156
597164,Fortaleza,2020-08-31,67
599174,Porto Alegre,2020-08-31,608
599345,Recife,2020-08-31,85
599464,Rio de Janeiro,2020-08-31,121
600203,São Paulo,2020-08-31,171
601271,Belo Horizonte,2020-09-01,113
601420,Brasília,2020-09-01,1176
602451,Fortaleza,2020-09-01,176
604461,Porto Alegre,2020-09-01,51
604632,Recife,2020-09-01,-712
604751,Rio de Janeiro,2020-09-01,1222
605490,São Paulo,2020-09-01,3042
606558,Belo Horizonte,2020-09-02,464
606707,Brasília,2020-09-02,876
607738,Fortaleza,2020-09-02,155
609748,Porto Alegre,2020-09-02,572
609919,Recife,2020-09-02,158
610038,Rio de Janeiro,2020-09-02,200
610777,São Paulo,2020-09-02,1579
611845,Belo Horizonte,2020-09-03,409
611994,Brasília,2020-09-03,1101
613025,Fortaleza,2020-09-03,185
615035,Porto Alegre,2020-09-03,493
615206,Recife,2020-09-03,148
615325,Rio de Janeiro,2020-09-03,478
616064,São Paulo,2020-09-03,2496
617133,Belo Horizonte,2020-09-04,0
617282,Brasília,2020-09-04,1111
618313,Fortaleza,2020-09-04,136
620323,Porto Alegre,2020-09-04,333
620494,Recife,2020-09-04,139
620613,Rio de Janeiro,2020-09-04,646
621352,São Paulo,2020-09-04,1166
622421,Belo Horizonte,2020-09-05,0
622570,Brasília,2020-09-05,1278
623601,Fortaleza,2020-09-05,46
625612,Porto Alegre,2020-09-05,3680
625783,Recife,2020-09-05,-31
625902,Rio de Janeiro,2020-09-05,226
626641,São Paulo,2020-09-05,1245
627710,Belo Horizonte,2020-09-06,0
627859,Brasília,2020-09-06,881
628890,Fortaleza,2020-09-06,13
630901,Porto Alegre,2020-09-06,23
631072,Recife,2020-09-06,0
631191,Rio de Janeiro,2020-09-06,242
631930,São Paulo,2020-09-06,290
632999,Belo Horizonte,2020-09-07,1249
633148,Brasília,2020-09-07,924
634179,Fortaleza,2020-09-07,22
636190,Porto Alegre,2020-09-07,5
636361,Recife,2020-09-07,70
636480,Rio de Janeiro,2020-09-07,172
637219,São Paulo,2020-09-07,0
638288,Belo Horizonte,2020-09-08,0
638437,Brasília,2020-09-08,768
639468,Fortaleza,2020-09-08,32
641479,Porto Alegre,2020-09-08,21
641650,Recife,2020-09-08,33
641769,Rio de Janeiro,2020-09-08,247
642508,São Paulo,2020-09-08,580
643577,Belo Horizonte,2020-09-09,204
643726,Brasília,2020-09-09,886
644758,Fortaleza,2020-09-09,117
646770,Porto Alegre,2020-09-09,65
646941,Recife,2020-09-09,143
647060,Rio de Janeiro,2020-09-09,313
647799,São Paulo,2020-09-09,1653
648868,Belo Horizonte,2020-09-10,368
649017,Brasília,2020-09-10,823
650049,Fortaleza,2020-09-10,69
652061,Porto Alegre,2020-09-10,1083
652232,Recife,2020-09-10,213
652351,Rio de Janeiro,2020-09-10,684
653090,São Paulo,2020-09-10,1505
654159,Belo Horizonte,2020-09-11,497
654308,Brasília,2020-09-11,763
655340,Fortaleza,2020-09-11,92
657352,Porto Alegre,2020-09-11,149
657523,Recife,2020-09-11,217
657642,Rio de Janeiro,2020-09-11,112
658381,São Paulo,2020-09-11,1352
659450,Belo Horizonte,2020-09-12,0
659599,Brasília,2020-09-12,973
660631,Fortaleza,2020-09-12,44
662643,Porto Alegre,2020-09-12,429
662814,Recife,2020-09-12,136
662933,Rio de Janeiro,2020-09-12,182
663672,São Paulo,2020-09-12,1316
664741,Belo Horizonte,2020-09-13,0
664890,Brasília,2020-09-13,1055
665922,Fortaleza,2020-09-13,39
667934,Porto Alegre,2020-09-13,334
668105,Recife,2020-09-13,140
668224,Rio de Janeiro,2020-09-13,147
668963,São Paulo,2020-09-13,294
670032,Belo Horizonte,2020-09-14,754
670181,Brasília,2020-09-14,930
671213,Fortaleza,2020-09-14,23
673225,Porto Alegre,2020-09-14,738
673396,Recife,2020-09-14,100
673515,Rio de Janeiro,2020-09-14,107
674254,São Paulo,2020-09-14,273
675323,Belo Horizonte,2020-09-15,199
675472,Brasília,2020-09-15,715
676504,Fortaleza,2020-09-15,94
678516,Porto Alegre,2020-09-15,282
678687,Recife,2020-09-15,106
678806,Rio de Janeiro,2020-09-15,607
679546,São Paulo,2020-09-15,1501
680616,Belo Horizonte,2020-09-16,365
680765,Brasília,2020-09-16,862
681797,Fortaleza,2020-09-16,106
683809,Porto Alegre,2020-09-16,248
683980,Recife,2020-09-16,133
684099,Rio de Janeiro,2020-09-16,767
684839,São Paulo,2020-09-16,1442
685909,Belo Horizonte,2020-09-17,0
686058,Brasília,2020-09-17,878
687090,Fortaleza,2020-09-17,106
689102,Porto Alegre,2020-09-17,639
689273,Recife,2020-09-17,111
689392,Rio de Janeiro,2020-09-17,581
690132,São Paulo,2020-09-17,1510
691202,Belo Horizonte,2020-09-18,812
691351,Brasília,2020-09-18,896
692383,Fortaleza,2020-09-18,118
694395,Porto Alegre,2020-09-18,382
694566,Recife,2020-09-18,119
694685,Rio de Janeiro,2020-09-18,213
695425,São Paulo,2020-09-18,1581
696495,Belo Horizonte,2020-09-19,0
696644,Brasília,2020-09-19,1056
697676,Fortaleza,2020-09-19,65
699688,Porto Alegre,2020-09-19,472
699859,Recife,2020-09-19,120
699978,Rio de Janeiro,2020-09-19,212
700718,São Paulo,2020-09-19,1443
701788,Belo Horizonte,2020-09-20,0
701937,Brasília,2020-09-20,544
702969,Fortaleza,2020-09-20,83
704981,Porto Alegre,2020-09-20,430
705152,Recife,2020-09-20,375
705271,Rio de Janeiro,2020-09-20,338
706011,São Paulo,2020-09-20,281
707081,Belo Horizonte,2020-09-21,362
707230,Brasília,2020-09-21,708
708262,Fortaleza,2020-09-21,51
710275,Porto Alegre,2020-09-21,342
710446,Recife,2020-09-21,160
710565,Rio de Janeiro,2020-09-21,97
711305,São Paulo,2020-09-21,228
712375,Belo Horizonte,2020-09-22,0
712524,Brasília,2020-09-22,680
713556,Fortaleza,2020-09-22,113
715570,Porto Alegre,2020-09-22,170
715741,Recife,2020-09-22,113
715860,Rio de Janeiro,2020-09-22,286
716600,São Paulo,2020-09-22,1526
717670,Belo Horizonte,2020-09-23,127
717819,Brasília,2020-09-23,607
718851,Fortaleza,2020-09-23,87
720866,Porto Alegre,2020-09-23,168
721037,Recife,2020-09-23,63
721156,Rio de Janeiro,2020-09-23,1028
721896,São Paulo,2020-09-23,1223
722966,Belo Horizonte,2020-09-24,71
723115,Brasília,2020-09-24,802
724147,Fortaleza,2020-09-24,60
726162,Porto Alegre,2020-09-24,372
726333,Recife,2020-09-24,90
726452,Rio de Janeiro,2020-09-24,309
727192,São Paulo,2020-09-24,1387
728262,Belo Horizonte,2020-09-25,1553
728411,Brasília,2020-09-25,834
729444,Fortaleza,2020-09-25,2
731459,Porto Alegre,2020-09-25,298
731630,Recife,2020-09-25,71
731749,Rio de Janeiro,2020-09-25,163
732489,São Paulo,2020-09-25,1219
733559,Belo Horizonte,2020-09-26,0
733708,Brasília,2020-09-26,632
734741,Fortaleza,2020-09-26,65
736756,Porto Alegre,2020-09-26,319
736927,Recife,2020-09-26,99
737046,Rio de Janeiro,2020-09-26,87
737786,São Paulo,2020-09-26,1104
738856,Belo Horizonte,2020-09-27,0
739005,Brasília,2020-09-27,817
740038,Fortaleza,2020-09-27,36
742053,Porto Alegre,2020-09-27,240
742224,Recife,2020-09-27,10
742343,Rio de Janeiro,2020-09-27,2114
743083,São Paulo,2020-09-27,123
744153,Belo Horizonte,2020-09-28,528
744302,Brasília,2020-09-28,795
745335,Fortaleza,2020-09-28,1
747350,Porto Alegre,2020-09-28,33
747521,Recife,2020-09-28,13
747640,Rio de Janeiro,2020-09-28,80
748380,São Paulo,2020-09-28,158
749450,Belo Horizonte,2020-09-29,124
749599,Brasília,2020-09-29,689
750632,Fortaleza,2020-09-29,54
752647,Porto Alegre,2020-09-29,317
752818,Recife,2020-09-29,257
752937,Rio de Janeiro,2020-09-29,183
753677,São Paulo,2020-09-29,1373
754747,Belo Horizonte,2020-09-30,493
754896,Brasília,2020-09-30,836
755929,Fortaleza,2020-09-30,47
757944,Porto Alegre,2020-09-30,198
758115,Recife,2020-09-30,94
758234,Rio de Janeiro,2020-09-30,207
758974,São Paulo,2020-09-30,1228
760044,Belo Horizonte,2020-10-01,162
760193,Brasília,2020-10-01,778
761226,Fortaleza,2020-10-01,94
763241,Porto Alegre,2020-10-01,4074
763412,Recife,2020-10-01,90
763531,Rio de Janeiro,2020-10-01,185
764271,São Paulo,2020-10-01,1143
765341,Belo Horizonte,2020-10-02,261
765490,Brasília,2020-10-02,780
766523,Fortaleza,2020-10-02,43
768538,Porto Alegre,2020-10-02,1136
768709,Recife,2020-10-02,102
768828,Rio de Janeiro,2020-10-02,3177
769568,São Paulo,2020-10-02,925
770638,Belo Horizonte,2020-10-03,0
770787,Brasília,2020-10-03,682
771821,Fortaleza,2020-10-03,42
773836,Porto Alegre,2020-10-03,571
774007,Recife,2020-10-03,61
774126,Rio de Janeiro,2020-10-03,60
774866,São Paulo,2020-10-03,1099
775936,Belo Horizonte,2020-10-04,0
776085,Brasília,2020-10-04,551
777119,Fortaleza,2020-10-04,35
779134,Porto Alegre,2020-10-04,20
779305,Recife,2020-10-04,7
779424,Rio de Janeiro,2020-10-04,32
780164,São Paulo,2020-10-04,0
781234,Belo Horizonte,2020-10-05,494
781383,Brasília,2020-10-05,441
782417,Fortaleza,2020-10-05,2262
784432,Porto Alegre,2020-10-05,442
784603,Recife,2020-10-05,-15
784722,Rio de Janeiro,2020-10-05,1473
785462,São Paulo,2020-10-05,0
786532,Belo Horizonte,2020-10-06,0
786681,Brasília,2020-10-06,738
787715,Fortaleza,2020-10-06,108
789730,Porto Alegre,2020-10-06,242
789901,Recife,2020-10-06,120
790020,Rio de Janeiro,2020-10-06,1061
790760,São Paulo,2020-10-06,1359
791830,Belo Horizonte,2020-10-07,390
791979,Brasília,2020-10-07,523
793013,Fortaleza,2020-10-07,133
795028,Porto Alegre,2020-10-07,372
795199,Recife,2020-10-07,173
795318,Rio de Janeiro,2020-10-07,843
796058,São Paulo,2020-10-07,0
797128,Belo Horizonte,2020-10-08,0
797277,Brasília,2020-10-08,735
798311,Fortaleza,2020-10-08,106
800326,Porto Alegre,2020-10-08,242
800497,Recife,2020-10-08,21
800616,Rio de Janeiro,2020-10-08,655
801356,São Paulo,2020-10-08,1812
802426,Belo Horizonte,2020-10-09,584
802575,Brasília,2020-10-09,524
803609,Fortaleza,2020-10-09,45
805624,Porto Alegre,2020-10-09,442
805795,Recife,2020-10-09,57
805914,Rio de Janeiro,2020-10-09,804
806654,São Paulo,2020-10-09,872
807724,Belo Horizonte,2020-10-10,0
807873,Brasília,2020-10-10,680
808907,Fortaleza,2020-10-10,218
810922,Porto Alegre,2020-10-10,415
811093,Recife,2020-10-10,102
811212,Rio de Janeiro,2020-10-10,212
811952,São Paulo,2020-10-10,1210
813022,Belo Horizonte,2020-10-11,0
813171,Brasília,2020-10-11,388
814205,Fortaleza,2020-10-11,49
816220,Porto Alegre,2020-10-11,188
816391,Recife,2020-10-11,52
816510,Rio de Janeiro,2020-10-11,37
817250,São Paulo,2020-10-11,418
818320,Belo Horizonte,2020-10-12,508
818469,Brasília,2020-10-12,329
819503,Fortaleza,2020-10-12,42
821518,Porto Alegre,2020-10-12,0
821689,Recife,2020-10-12,10
821808,Rio de Janeiro,2020-10-12,0
822548,São Paulo,2020-10-12,116
823618,Belo Horizonte,2020-10-13,87
823767,Brasília,2020-10-13,709
824801,Fortaleza,2020-10-13,26
826816,Porto Alegre,2020-10-13,367
826987,Recife,2020-10-13,10
827106,Rio de Janeiro,2020-10-13,27
827846,São Paulo,2020-10-13,188
828916,Belo Horizonte,2020-10-14,134
829065,Brasília,2020-10-14,619
830099,Fortaleza,2020-10-14,137
832114,Porto Alegre,2020-10-14,194
832285,Recife,2020-10-14,106
832404,Rio de Janeiro,2020-10-14,96
833144,São Paulo,2020-10-14,1014
834214,Belo Horizonte,2020-10-15,264
834363,Brasília,2020-10-15,628
835397,Fortaleza,2020-10-15,97
837412,Porto Alegre,2020-10-15,261
837583,Recife,2020-10-15,0
837702,Rio de Janeiro,2020-10-15,91
838442,São Paulo,2020-10-15,0
839512,Belo Horizonte,2020-10-16,317
839661,Brasília,2020-10-16,676
840695,Fortaleza,2020-10-16,587
842710,Porto Alegre,2020-10-16,191
842881,Recife,2020-10-16,0
843000,Rio de Janeiro,2020-10-16,2043
843740,São Paulo,2020-10-16,0
844810,Belo Horizonte,2020-10-17,0
844959,Brasília,2020-10-17,643
845993,Fortaleza,2020-10-17,19
848008,Porto Alegre,2020-10-17,0
848179,Recife,2020-10-17,0
848298,Rio de Janeiro,2020-10-17,96
849038,São Paulo,2020-10-17,3156
850108,Belo Horizonte,2020-10-18,0
850257,Brasília,2020-10-18,609
851291,Fortaleza,2020-10-18,120
853306,Porto Alegre,2020-10-18,642
853477,Recife,2020-10-18,245
853596,Rio de Janeiro,2020-10-18,91
854336,São Paulo,2020-10-18,92
855406,Belo Horizonte,2020-10-19,521
855555,Brasília,2020-10-19,651
856589,Fortaleza,2020-10-19,260
858604,Porto Alegre,2020-10-19,394
858775,Recife,2020-10-19,24
858894,Rio de Janeiro,2020-10-19,398
859634,São Paulo,2020-10-19,0
860704,Belo Horizonte,2020-10-20,213
860853,Brasília,2020-10-20,489
861887,Fortaleza,2020-10-20,90
863902,Porto Alegre,2020-10-20,103
864073,Recife,2020-10-20,122
864192,Rio de Janeiro,2020-10-20,177
864932,São Paulo,2020-10-20,957
866002,Belo Horizonte,2020-10-21,311
866151,Brasília,2020-10-21,686
867185,Fortaleza,2020-10-21,664
869200,Porto Alegre,2020-10-21,458
869371,Recife,2020-10-21,134
869490,Rio de Janeiro,2020-10-21,487
870230,São Paulo,2020-10-21,802
871300,Belo Horizonte,2020-10-22,225
871449,Brasília,2020-10-22,527
872483,Fortaleza,2020-10-22,131
874498,Porto Alegre,2020-10-22,266
874669,Recife,2020-10-22,-1
874788,Rio de Janeiro,2020-10-22,452
875528,São Paulo,2020-10-22,847
876598,Belo Horizonte,2020-10-23,0
876747,Brasília,2020-10-23,519
877781,Fortaleza,2020-10-23,154
879796,Porto Alegre,2020-10-23,229
879967,Recife,2020-10-23,95
880086,Rio de Janeiro,2020-10-23,422
880826,São Paulo,2020-10-23,1430
881896,Belo Horizonte,2020-10-24,0
882045,Brasília,2020-10-24,489
883079,Fortaleza,2020-10-24,137
885094,Porto Alegre,2020-10-24,430
885265,Recife,2020-10-24,96
885384,Rio de Janeiro,2020-10-24,564
886124,São Paulo,2020-10-24,1186
887194,Belo Horizonte,2020-10-25,0
887343,Brasília,2020-10-25,567
888377,Fortaleza,2020-10-25,77
890392,Porto Alegre,2020-10-25,0
890563,Recife,2020-10-25,21
890682,Rio de Janeiro,2020-10-25,0
891422,São Paulo,2020-10-25,423
892492,Belo Horizonte,2020-10-26,430
892641,Brasília,2020-10-26,684
893675,Fortaleza,2020-10-26,162
895690,Porto Alegre,2020-10-26,696
895861,Recife,2020-10-26,9
895980,Rio de Janeiro,2020-10-26,392
896720,São Paulo,2020-10-26,185
897790,Belo Horizonte,2020-10-27,374
897939,Brasília,2020-10-27,551
898973,Fortaleza,2020-10-27,164
900988,Porto Alegre,2020-10-27,58
901159,Recife,2020-10-27,112
901278,Rio de Janeiro,2020-10-27,788
902018,São Paulo,2020-10-27,1331
903088,Belo Horizonte,2020-10-28,244
903237,Brasília,2020-10-28,603
904271,Fortaleza,2020-10-28,198
906286,Porto Alegre,2020-10-28,126
906457,Recife,2020-10-28,146
906576,Rio de Janeiro,2020-10-28,577
907316,São Paulo,2020-10-28,1088
908386,Belo Horizonte,2020-10-29,187
908535,Brasília,2020-10-29,583
909569,Fortaleza,2020-10-29,175
911584,Porto Alegre,2020-10-29,717
911755,Recife,2020-10-29,89
911874,Rio de Janeiro,2020-10-29,477
912614,São Paulo,2020-10-29,1289
913684,Belo Horizonte,2020-10-30,0
913833,Brasília,2020-10-30,569
914867,Fortaleza,2020-10-30,159
916882,Porto Alegre,2020-10-30,536
917053,Recife,2020-10-30,56
917172,Rio de Janeiro,2020-10-30,402
917912,São Paulo,2020-10-30,1256
918982,Belo Horizonte,2020-10-31,0
919131,Brasília,2020-10-31,413
920165,Fortaleza,2020-10-31,182
922180,Porto Alegre,2020-10-31,17
922351,Recife,2020-10-31,143
922470,Rio de Janeiro,2020-10-31,366
923210,São Paulo,2020-10-31,705
924280,Belo Horizonte,2020-11-01,0
924429,Brasília,2020-11-01,168
925463,Fortaleza,2020-11-01,89
927478,Porto Alegre,2020-11-01,357
927649,Recife,2020-11-01,-64
927768,Rio de Janeiro,2020-11-01,300
928508,São Paulo,2020-11-01,0
929578,Belo Horizonte,2020-11-02,0
929727,Brasília,2020-11-02,158
930761,Fortaleza,2020-11-02,154
932776,Porto Alegre,2020-11-02,505
932947,Recife,2020-11-02,22
933066,Rio de Janeiro,2020-11-02,92
933806,São Paulo,2020-11-02,376
934876,Belo Horizonte,2020-11-03,630
935025,Brasília,2020-11-03,496
936059,Fortaleza,2020-11-03,67
938074,Porto Alegre,2020-11-03,87
938245,Recife,2020-11-03,13
938364,Rio de Janeiro,2020-11-03,233
939104,São Paulo,2020-11-03,187
940174,Belo Horizonte,2020-11-04,135
940323,Brasília,2020-11-04,417
941357,Fortaleza,2020-11-04,259
943372,Porto Alegre,2020-11-04,539
943543,Recife,2020-11-04,77
943662,Rio de Janeiro,2020-11-04,606
944402,São Paulo,2020-11-04,1000
945472,Belo Horizonte,2020-11-05,183
945621,Brasília,2020-11-05,272
946655,Fortaleza,2020-11-05,420
948670,Porto Alegre,2020-11-05,318
948841,Recife,2020-11-05,118
948960,Rio de Janeiro,2020-11-05,370
949700,São Paulo,2020-11-05,623
950770,Belo Horizonte,2020-11-06,148
950919,Brasília,2020-11-06,443
951953,Fortaleza,2020-11-06,37
953968,Porto Alegre,2020-11-06,183
954139,Recife,2020-11-06,215
954258,Rio de Janeiro,2020-11-06,896
954998,São Paulo,2020-11-06,0
956068,Belo Horizonte,2020-11-07,0
956217,Brasília,2020-11-07,329
957251,Fortaleza,2020-11-07,250
959266,Porto Alegre,2020-11-07,425
959437,Recife,2020-11-07,-43
959556,Rio de Janeiro,2020-11-07,459
960296,São Paulo,2020-11-07,0
961366,Belo Horizonte,2020-11-08,0
961515,Brasília,2020-11-08,478
962549,Fortaleza,2020-11-08,113
964564,Porto Alegre,2020-11-08,269
964735,Recife,2020-11-08,52
964854,Rio de Janeiro,2020-11-08,138
965594,São Paulo,2020-11-08,0
966664,Belo Horizonte,2020-11-09,573
966813,Brasília,2020-11-09,428
967847,Fortaleza,2020-11-09,284
969862,Porto Alegre,2020-11-09,399
970033,Recife,2020-11-09,32
970152,Rio de Janeiro,2020-11-09,232
970892,São Paulo,2020-11-09,0
971962,Belo Horizonte,2020-11-10,61
972111,Brasília,2020-11-10,447
973145,Fortaleza,2020-11-10,106
975160,Porto Alegre,2020-11-10,182
975331,Recife,2020-11-10,121
975450,Rio de Janeiro,2020-11-10,754
976190,São Paulo,2020-11-10,5306
977260,Belo Horizonte,2020-11-11,0
977409,Brasília,2020-11-11,382
978443,Fortaleza,2020-11-11,187
980458,Porto Alegre,2020-11-11,438
980629,Recife,2020-11-11,194
980748,Rio de Janeiro,2020-11-11,593
981488,São Paulo,2020-11-11,946
982558,Belo Horizonte,2020-11-12,406
982707,Brasília,2020-11-12,630
983741,Fortaleza,2020-11-12,2495
985756,Porto Alegre,2020-11-12,575
985927,Recife,2020-11-12,53
986046,Rio de Janeiro,2020-11-12,1038
986786,São Paulo,2020-11-12,1777
987856,Belo Horizonte,2020-11-13,325
988005,Brasília,2020-11-13,452
989039,Fortaleza,2020-11-13,720
991054,Porto Alegre,2020-11-13,410
991225,Recife,2020-11-13,42
991344,Rio de Janeiro,2020-11-13,551
992084,São Paulo,2020-11-13,1768
993154,Belo Horizonte,2020-11-14,0
993303,Brasília,2020-11-14,622
994337,Fortaleza,2020-11-14,292
996352,Porto Alegre,2020-11-14,369
996523,Recife,2020-11-14,183
996642,Rio de Janeiro,2020-11-14,960
997382,São Paulo,2020-11-14,1313
998452,Belo Horizonte,2020-11-15,0
998601,Brasília,2020-11-15,269
999635,Fortaleza,2020-11-15,1077
1001650,Porto Alegre,2020-11-15,444
1001821,Recife,2020-11-15,-2
1001940,Rio de Janeiro,2020-11-15,268
1002680,São Paulo,2020-11-15,300
1003750,Belo Horizonte,2020-11-16,184
1003899,Brasília,2020-11-16,360
1004933,Fortaleza,2020-11-16,650
1006948,Porto Alegre,2020-11-16,504
1007119,Recife,2020-11-16,261
1007238,Rio de Janeiro,2020-11-16,133
1007978,São Paulo,2020-11-16,187
1009048,Belo Horizonte,2020-11-17,607
1009197,Brasília,2020-11-17,564
1010231,Fortaleza,2020-11-17,502
1012246,Porto Alegre,2020-11-17,204
1012417,Recife,2020-11-17,166
1012536,Rio de Janeiro,2020-11-17,1097
1013276,São Paulo,2020-11-17,2256
1014346,Belo Horizonte,2020-11-18,300
1014495,Brasília,2020-11-18,451
1015529,Fortaleza,2020-11-18,292
1017544,Porto Alegre,2020-11-18,735
1017715,Recife,2020-11-18,200
1017834,Rio de Janeiro,2020-11-18,913
1018574,São Paulo,2020-11-18,1724
1019644,Belo Horizonte,2020-11-19,308
1019793,Brasília,2020-11-19,616
1020827,Fortaleza,2020-11-19,640
1022842,Porto Alegre,2020-11-19,186
1023013,Recife,2020-11-19,156
1023132,Rio de Janeiro,2020-11-19,797
1023872,São Paulo,2020-11-19,1970
1024942,Belo Horizonte,2020-11-20,279
1025091,Brasília,2020-11-20,441
1026125,Fortaleza,2020-11-20,339
1028140,Porto Alegre,2020-11-20,601
1028311,Recife,2020-11-20,163
1028430,Rio de Janeiro,2020-11-20,1004
1029170,São Paulo,2020-11-20,0
1030240,Belo Horizonte,2020-11-21,0
1030389,Brasília,2020-11-21,465
1031423,Fortaleza,2020-11-21,218
1033438,Porto Alegre,2020-11-21,623
1033609,Recife,2020-11-21,273
1033728,Rio de Janeiro,2020-11-21,314
1034468,São Paulo,2020-11-21,3834
1035538,Belo Horizonte,2020-11-22,0
1035687,Brasília,2020-11-22,219
1036721,Fortaleza,2020-11-22,202
1038736,Porto Alegre,2020-11-22,32
1038907,Recife,2020-11-22,78
1039026,Rio de Janeiro,2020-11-22,292
1039766,São Paulo,2020-11-22,498
1040836,Belo Horizonte,2020-11-23,654
1040985,Brasília,2020-11-23,762
1042019,Fortaleza,2020-11-23,863
1044034,Porto Alegre,2020-11-23,0
1044205,Recife,2020-11-23,226
1044324,Rio de Janeiro,2020-11-23,192
1045064,São Paulo,2020-11-23,305
1046134,Belo Horizonte,2020-11-24,135
1046283,Brasília,2020-11-24,447
1047317,Fortaleza,2020-11-24,369
1049332,Porto Alegre,2020-11-24,0
1049503,Recife,2020-11-24,209
1049622,Rio de Janeiro,2020-11-24,916
1050362,São Paulo,2020-11-24,1482
1051432,Belo Horizonte,2020-11-25,245
1051581,Brasília,2020-11-25,787
1052615,Fortaleza,2020-11-25,387
1054630,Porto Alegre,2020-11-25,1457
1054801,Recife,2020-11-25,397
1054920,Rio de Janeiro,2020-11-25,1487
1055660,São Paulo,2020-11-25,2623
1056730,Belo Horizonte,2020-11-26,222
1056879,Brasília,2020-11-26,689
1057913,Fortaleza,2020-11-26,1019
1059928,Porto Alegre,2020-11-26,297
1060099,Recife,2020-11-26,84
1060218,Rio de Janeiro,2020-11-26,838
1060958,São Paulo,2020-11-26,1210
1062028,Belo Horizonte,2020-11-27,288
1062177,Brasília,2020-11-27,799
1063211,Fortaleza,2020-11-27,135
1065226,Porto Alegre,2020-11-27,337
1065397,Recife,2020-11-27,163
1065516,Rio de Janeiro,2020-11-27,419
1066256,São Paulo,2020-11-27,970
1067326,Belo Horizonte,2020-11-28,0
1067475,Brasília,2020-11-28,461
1068509,Fortaleza,2020-11-28,444
1070524,Porto Alegre,2020-11-28,486
1070695,Recife,2020-11-28,395
1070814,Rio de Janeiro,2020-11-28,2100
1071554,São Paulo,2020-11-28,1408
1072624,Belo Horizonte,2020-11-29,0
1072773,Brasília,2020-11-29,550
1073807,Fortaleza,2020-11-29,173
1075822,Porto Alegre,2020-11-29,759
1075993,Recife,2020-11-29,22
1076112,Rio de Janeiro,2020-11-29,450
1076852,São Paulo,2020-11-29,589
1077922,Belo Horizonte,2020-11-30,0
1078071,Brasília,2020-11-30,380
1079105,Fortaleza,2020-11-30,416
1081120,Porto Alegre,2020-11-30,433
1081291,Recife,2020-11-30,202
1081410,Rio de Janeiro,2020-11-30,217
1082150,São Paulo,2020-11-30,290
1083220,Belo Horizonte,2020-12-01,788
1083369,Brasília,2020-12-01,802
1084403,Fortaleza,2020-12-01,134
1086418,Porto Alegre,2020-12-01,313
1086589,Recife,2020-12-01,484
1086708,Rio de Janeiro,2020-12-01,1637
1087448,São Paulo,2020-12-01,2232
1088518,Belo Horizonte,2020-12-02,341
1088667,Brasília,2020-12-02,701
1089701,Fortaleza,2020-12-02,29
1091716,Porto Alegre,2020-12-02,445
1091887,Recife,2020-12-02,228
1092006,Rio de Janeiro,2020-12-02,1367
1092746,São Paulo,2020-12-02,2059
1093816,Belo Horizonte,2020-12-03,285
1093965,Brasília,2020-12-03,467
1094999,Fortaleza,2020-12-03,316
1097014,Porto Alegre,2020-12-03,1025
1097185,Recife,2020-12-03,269
1097304,Rio de Janeiro,2020-12-03,1367
1098044,São Paulo,2020-12-03,2075
1099114,Belo Horizonte,2020-12-04,339
1099263,Brasília,2020-12-04,1198
1100297,Fortaleza,2020-12-04,219
1102312,Porto Alegre,2020-12-04,545
1102483,Recife,2020-12-04,150
1102602,Rio de Janeiro,2020-12-04,961
1103342,São Paulo,2020-12-04,2112
1104412,Belo Horizonte,2020-12-05,332
1104561,Brasília,2020-12-05,468
1105595,Fortaleza,2020-12-05,225
1107610,Porto Alegre,2020-12-05,659
1107781,Recife,2020-12-05,180
1107900,Rio de Janeiro,2020-12-05,1007
1108640,São Paulo,2020-12-05,2149
1109710,Belo Horizonte,2020-12-06,246
1109859,Brasília,2020-12-06,308
1110893,Fortaleza,2020-12-06,71
1112908,Porto Alegre,2020-12-06,841
1113079,Recife,2020-12-06,141
1113198,Rio de Janeiro,2020-12-06,294
1113938,São Paulo,2020-12-06,643
1115008,Belo Horizonte,2020-12-07,0
1115157,Brasília,2020-12-07,446
1116191,Fortaleza,2020-12-07,1665
1118206,Porto Alegre,2020-12-07,633
1118377,Recife,2020-12-07,322
1118496,Rio de Janeiro,2020-12-07,148
1119236,São Paulo,2020-12-07,268
1120306,Belo Horizonte,2020-12-08,150
1120455,Brasília,2020-12-08,997
1121489,Fortaleza,2020-12-08,266
1123504,Porto Alegre,2020-12-08,159
1123675,Recife,2020-12-08,293
1123794,Rio de Janeiro,2020-12-08,1122
1124534,São Paulo,2020-12-08,2045
1125604,Belo Horizonte,2020-12-09,0
1125753,Brasília,2020-12-09,758
1126787,Fortaleza,2020-12-09,1168
1128802,Porto Alegre,2020-12-09,124
1128973,Recife,2020-12-09,275
1129092,Rio de Janeiro,2020-12-09,1454
1129832,São Paulo,2020-12-09,2175
1130902,Belo Horizonte,2020-12-10,0
1131051,Brasília,2020-12-10,732
1132085,Fortaleza,2020-12-10,461
1134100,Porto Alegre,2020-12-10,112
1134271,Recife,2020-12-10,285
1134390,Rio de Janeiro,2020-12-10,1467
1135130,São Paulo,2020-12-10,1996
1136200,Belo Horizonte,2020-12-11,842
1136349,Brasília,2020-12-11,704
1137383,Fortaleza,2020-12-11,354
1139398,Porto Alegre,2020-12-11,0
1139569,Recife,2020-12-11,491
1139688,Rio de Janeiro,2020-12-11,1388
1140428,São Paulo,2020-12-11,1954
1141498,Belo Horizonte,2020-12-12,382
1141647,Brasília,2020-12-12,622
1142681,Fortaleza,2020-12-12,0
1144696,Porto Alegre,2020-12-12,245
1144867,Recife,2020-12-12,270
1144986,Rio de Janeiro,2020-12-12,1138
1145726,São Paulo,2020-12-12,1848
1146796,Belo Horizonte,2020-12-13,0
1146945,Brasília,2020-12-13,374
1147979,Fortaleza,2020-12-13,523
1149994,Porto Alegre,2020-12-13,2470
1150165,Recife,2020-12-13,75
1150284,Rio de Janeiro,2020-12-13,131
1151024,São Paulo,2020-12-13,201
1152094,Belo Horizonte,2020-12-14,255
1152243,Brasília,2020-12-14,882
1153277,Fortaleza,2020-12-14,298
1155292,Porto Alegre,2020-12-14,771
1155463,Recife,2020-12-14,76
1155582,Rio de Janeiro,2020-12-14,190
1156322,São Paulo,2020-12-14,290
1157392,Belo Horizonte,2020-12-15,144
1157541,Brasília,2020-12-15,693
1158575,Fortaleza,2020-12-15,1460
1160590,Porto Alegre,2020-12-15,0
1160761,Recife,2020-12-15,195
1160880,Rio de Janeiro,2020-12-15,362
1161620,São Paulo,2020-12-15,916
1162690,Belo Horizonte,2020-12-16,271
1162839,Brasília,2020-12-16,482
1163873,Fortaleza,2020-12-16,230
1165888,Porto Alegre,2020-12-16,795
1166059,Recife,2020-12-16,673
1166178,Rio de Janeiro,2020-12-16,1134
1166918,São Paulo,2020-12-16,0
1167988,Belo Horizonte,2020-12-17,411
1168137,Brasília,2020-12-17,723
1169171,Fortaleza,2020-12-17,354
1171186,Porto Alegre,2020-12-17,885
1171357,Recife,2020-12-17,387
1171476,Rio de Janeiro,2020-12-17,1156
1172216,São Paulo,2020-12-17,4632
1173286,Belo Horizonte,2020-12-18,376
1173435,Brasília,2020-12-18,826
1174469,Fortaleza,2020-12-18,315
1176484,Porto Alegre,2020-12-18,619
1176655,Recife,2020-12-18,261
1176774,Rio de Janeiro,2020-12-18,1251
1177514,São Paulo,2020-12-18,2025
1178584,Belo Horizonte,2020-12-19,354
1178733,Brasília,2020-12-19,569
1179767,Fortaleza,2020-12-19,303
1181782,Porto Alegre,2020-12-19,530
1181953,Recife,2020-12-19,345
1182072,Rio de Janeiro,2020-12-19,955
1182812,São Paulo,2020-12-19,0
1183882,Belo Horizonte,2020-12-20,296
1184031,Brasília,2020-12-20,360
1185065,Fortaleza,2020-12-20,246
1187080,Porto Alegre,2020-12-20,489
1187251,Recife,2020-12-20,14
1187370,Rio de Janeiro,2020-12-20,194
1188110,São Paulo,2020-12-20,2498
1189180,Belo Horizonte,2020-12-21,152
1189329,Brasília,2020-12-21,846
1190363,Fortaleza,2020-12-21,400
1192378,Porto Alegre,2020-12-21,558
1192549,Recife,2020-12-21,262
1192668,Rio de Janeiro,2020-12-21,235
1193408,São Paulo,2020-12-21,730
1194478,Belo Horizonte,2020-12-22,215
1194627,Brasília,2020-12-22,570
1195661,Fortaleza,2020-12-22,194
1197676,Porto Alegre,2020-12-22,641
1197847,Recife,2020-12-22,617
1197966,Rio de Janeiro,2020-12-22,875
1198706,São Paulo,2020-12-22,2351
1199776,Belo Horizonte,2020-12-23,463
1199925,Brasília,2020-12-23,422
1200959,Fortaleza,2020-12-23,178
1202974,Porto Alegre,2020-12-23,-7
1203145,Recife,2020-12-23,544
1203264,Rio de Janeiro,2020-12-23,788
1204004,São Paulo,2020-12-23,0
1205074,Belo Horizonte,2020-12-24,370
1205223,Brasília,2020-12-24,461
1206257,Fortaleza,2020-12-24,168
1208272,Porto Alegre,2020-12-24,1272
1208443,Recife,2020-12-24,310
1208562,Rio de Janeiro,2020-12-24,1384
1209302,São Paulo,2020-12-24,4711
1210372,Belo Horizonte,2020-12-25,292
1210521,Brasília,2020-12-25,287
1211555,Fortaleza,2020-12-25,44
1213570,Porto Alegre,2020-12-25,364
1213741,Recife,2020-12-25,253
1213860,Rio de Janeiro,2020-12-25,504
1214600,São Paulo,2020-12-25,0
1215670,Belo Horizonte,2020-12-26,236
1215819,Brasília,2020-12-26,559
1216853,Fortaleza,2020-12-26,38
1218868,Porto Alegre,2020-12-26,921
1219039,Recife,2020-12-26,165
1219158,Rio de Janeiro,2020-12-26,173
1219898,São Paulo,2020-12-26,0
1220968,Belo Horizonte,2020-12-27,181
1221117,Brasília,2020-12-27,510
1222151,Fortaleza,2020-12-27,89
1224166,Porto Alegre,2020-12-27,7
1224337,Recife,2020-12-27,391
1224456,Rio de Janeiro,2020-12-27,461
1225196,São Paulo,2020-12-27,2095
1226266,Belo Horizonte,2020-12-28,254
1226415,Brasília,2020-12-28,1068
1227449,Fortaleza,2020-12-28,1327
1229464,Porto Alegre,2020-12-28,8
1229635,Recife,2020-12-28,308
1229754,Rio de Janeiro,2020-12-28,188
1230494,São Paulo,2020-12-28,484
1231564,Belo Horizonte,2020-12-29,225
1231713,Brasília,2020-12-29,592
1232747,Fortaleza,2020-12-29,517
1234762,Porto Alegre,2020-12-29,478
1234933,Recife,2020-12-29,537
1235052,Rio de Janeiro,2020-12-29,1581
1235792,São Paulo,2020-12-29,3445
1236862,Belo Horizonte,2020-12-30,461
1237011,Brasília,2020-12-30,591
1238045,Fortaleza,2020-12-30,605
1240060,Porto Alegre,2020-12-30,572
1240231,Recife,2020-12-30,679
1240350,Rio de Janeiro,2020-12-30,2010
1241090,São Paulo,2020-12-30,0
1242160,Belo Horizonte,2020-12-31,604
1242309,Brasília,2020-12-31,488
1243343,Fortaleza,2020-12-31,1189
1245358,Porto Alegre,2020-12-31,642
1245529,Recife,2020-12-31,583
1245648,Rio de Janeiro,2020-12-31,297
1246388,São Paulo,2020-12-31,5872
1247458,Belo Horizonte,2021-01-01,497
1247607,Brasília,2021-01-01,301
1248641,Fortaleza,2021-01-01,207
1250656,Porto Alegre,2021-01-01,309
1250827,Recife,2021-01-01,287
1250946,Rio de Janeiro,2021-01-01,79
1251686,São Paulo,2021-01-01,0
1252756,Belo Horizonte,2021-01-02,0
1252905,Brasília,2021-01-02,680
1253939,Fortaleza,2021-01-02,48
1255954,Porto Alegre,2021-01-02,321
1256125,Recife,2021-01-02,158
1256244,Rio de Janeiro,2021-01-02,5
1256984,São Paulo,2021-01-02,0
1258054,Belo Horizonte,2021-01-03,0
1258203,Brasília,2021-01-03,442
1259237,Fortaleza,2021-01-03,69
1261252,Porto Alegre,2021-01-03,650
1261423,Recife,2021-01-03,0
1261542,Rio de Janeiro,2021-01-03,26
1262282,São Paulo,2021-01-03,2307
1263352,Belo Horizonte,2021-01-04,0
1263501,Brasília,2021-01-04,839
1264535,Fortaleza,2021-01-04,29
1266550,Porto Alegre,2021-01-04,5
1266721,Recife,2021-01-04,254
1266840,Rio de Janeiro,2021-01-04,2669
1267580,São Paulo,2021-01-04,551
1268650,Belo Horizonte,2021-01-05,1143
1268799,Brasília,2021-01-05,547
1269833,Fortaleza,2021-01-05,1140
1271848,Porto Alegre,2021-01-05,449
1272019,Recife,2021-01-05,350
1272138,Rio de Janeiro,2021-01-05,1514
1272878,São Paulo,2021-01-05,2981
1273948,Belo Horizonte,2021-01-06,611
1274097,Brasília,2021-01-06,869
1275131,Fortaleza,2021-01-06,676
1277146,Porto Alegre,2021-01-06,100
1277317,Recife,2021-01-06,214
1277436,Rio de Janeiro,2021-01-06,1264
1278176,São Paulo,2021-01-06,0
1279246,Belo Horizonte,2021-01-07,707
1279395,Brasília,2021-01-07,678
1280429,Fortaleza,2021-01-07,917
1282444,Porto Alegre,2021-01-07,250
1282615,Recife,2021-01-07,444
1282734,Rio de Janeiro,2021-01-07,1207
1283474,São Paulo,2021-01-07,6335
1284544,Belo Horizonte,2021-01-08,1068
1284693,Brasília,2021-01-08,577
1285727,Fortaleza,2021-01-08,616
1287742,Porto Alegre,2021-01-08,707
1287913,Recife,2021-01-08,129
1288032,Rio de Janeiro,2021-01-08,1156
1288772,São Paulo,2021-01-08,3329
1289842,Belo Horizonte,2021-01-09,1297
1289991,Brasília,2021-01-09,673
1291025,Fortaleza,2021-01-09,295
1293040,Porto Alegre,2021-01-09,521
1293211,Recife,2021-01-09,141
1293330,Rio de Janeiro,2021-01-09,292
1294070,São Paulo,2021-01-09,0
1295140,Belo Horizonte,2021-01-10,0
1295289,Brasília,2021-01-10,630
1296323,Fortaleza,2021-01-10,143
1298338,Porto Alegre,2021-01-10,587
1298509,Recife,2021-01-10,360
1298628,Rio de Janeiro,2021-01-10,863
1299368,São Paulo,2021-01-10,3718
1300438,Belo Horizonte,2021-01-11,0
1300587,Brasília,2021-01-11,795
1301621,Fortaleza,2021-01-11,100
1303636,Porto Alegre,2021-01-11,389
1303807,Recife,2021-01-11,95
1303926,Rio de Janeiro,2021-01-11,193
1304666,São Paulo,2021-01-11,675
1305736,Belo Horizonte,2021-01-12,2010
1305885,Brasília,2021-01-12,894
1306919,Fortaleza,2021-01-12,942
1308934,Porto Alegre,2021-01-12,249
1309105,Recife,2021-01-12,406
1309224,Rio de Janeiro,2021-01-12,1105
1309964,São Paulo,2021-01-12,2638
1311034,Belo Horizonte,2021-01-13,1023
1311183,Brasília,2021-01-13,540
1312217,Fortaleza,2021-01-13,531
1314232,Porto Alegre,2021-01-13,296
1314403,Recife,2021-01-13,342
1314522,Rio de Janeiro,2021-01-13,969
1315262,São Paulo,2021-01-13,0
1316332,Belo Horizonte,2021-01-14,0
1316481,Brasília,2021-01-14,601
1317515,Fortaleza,2021-01-14,660
1319530,Porto Alegre,2021-01-14,293
1319701,Recife,2021-01-14,251
1319820,Rio de Janeiro,2021-01-14,0
1320560,São Paulo,2021-01-14,6450
1321630,Belo Horizonte,2021-01-15,0
1321779,Brasília,2021-01-15,629
1322813,Fortaleza,2021-01-15,458
1324828,Porto Alegre,2021-01-15,615
1324999,Recife,2021-01-15,289
1325118,Rio de Janeiro,2021-01-15,0
1325858,São Paulo,2021-01-15,3466
1326928,Belo Horizonte,2021-01-16,0
1327077,Brasília,2021-01-16,723
1328111,Fortaleza,2021-01-16,772
1330126,Porto Alegre,2021-01-16,0
1330297,Recife,2021-01-16,146
1330416,Rio de Janeiro,2021-01-16,3057
1331156,São Paulo,2021-01-16,0
1332226,Belo Horizonte,2021-01-17,0
1332375,Brasília,2021-01-17,405
1333409,Fortaleza,2021-01-17,0
1335424,Porto Alegre,2021-01-17,1042
1335595,Recife,2021-01-17,193
1335714,Rio de Janeiro,2021-01-17,310
1336454,São Paulo,2021-01-17,4201
1337524,Belo Horizonte,2021-01-18,0
1337673,Brasília,2021-01-18,862
1338707,Fortaleza,2021-01-18,865
1340722,Porto Alegre,2021-01-18,273
1340893,Recife,2021-01-18,93
1341012,Rio de Janeiro,2021-01-18,167
1341752,São Paulo,2021-01-18,642
1342822,Belo Horizonte,2021-01-19,0
1342971,Brasília,2021-01-19,539
1344005,Fortaleza,2021-01-19,297
1346020,Porto Alegre,2021-01-19,258
1346191,Recife,2021-01-19,229
1346310,Rio de Janeiro,2021-01-19,1029
1347050,São Paulo,2021-01-19,0
1348120,Belo Horizonte,2021-01-20,0
1348269,Brasília,2021-01-20,518
1349303,Fortaleza,2021-01-20,734
1351318,Porto Alegre,2021-01-20,241
1351489,Recife,2021-01-20,255
1351608,Rio de Janeiro,2021-01-20,1048
1352348,São Paulo,2021-01-20,0
1353418,Belo Horizonte,2021-01-21,0
1353567,Brasília,2021-01-21,749
1354601,Fortaleza,2021-01-21,628
1356616,Porto Alegre,2021-01-21,709
1356787,Recife,2021-01-21,386
1356906,Rio de Janeiro,2021-01-21,681
1357646,São Paulo,2021-01-21,9733
1358716,Belo Horizonte,2021-01-22,0
1358865,Brasília,2021-01-22,872
1359899,Fortaleza,2021-01-22,526
1361914,Porto Alegre,2021-01-22,377
1362085,Recife,2021-01-22,404
1362204,Rio de Janeiro,2021-01-22,482
1362944,São Paulo,2021-01-22,1716
1364014,Belo Horizonte,2021-01-23,10408
1364163,Brasília,2021-01-23,832
1365197,Fortaleza,2021-01-23,413
1367212,Porto Alegre,2021-01-23,67
1367383,Recife,2021-01-23,107
1367502,Rio de Janeiro,2021-01-23,1098
1368242,São Paulo,2021-01-23,0
1369312,Belo Horizonte,2021-01-24,0
1369461,Brasília,2021-01-24,753
1370495,Fortaleza,2021-01-24,627
1372510,Porto Alegre,2021-01-24,224
1372681,Recife,2021-01-24,100
1372800,Rio de Janeiro,2021-01-24,252
1373540,São Paulo,2021-01-24,3895
1374610,Belo Horizonte,2021-01-25,1060
1374759,Brasília,2021-01-25,1037
1375793,Fortaleza,2021-01-25,651
1377808,Porto Alegre,2021-01-25,198
1377979,Recife,2021-01-25,222
1378098,Rio de Janeiro,2021-01-25,131
1378838,São Paulo,2021-01-25,545
1379908,Belo Horizonte,2021-01-26,835
1380057,Brasília,2021-01-26,943
1381091,Fortaleza,2021-01-26,514
1383106,Porto Alegre,2021-01-26,98
1383277,Recife,2021-01-26,415
1383396,Rio de Janeiro,2021-01-26,884
1384136,São Paulo,2021-01-26,0
1385206,Belo Horizonte,2021-01-27,1565
1385355,Brasília,2021-01-27,946
1386389,Fortaleza,2021-01-27,257
1388404,Porto Alegre,2021-01-27,267
1388575,Recife,2021-01-27,476
1388694,Rio de Janeiro,2021-01-27,785
1389434,São Paulo,2021-01-27,0
1390504,Belo Horizonte,2021-01-28,1355
1390653,Brasília,2021-01-28,1073
1391687,Fortaleza,2021-01-28,692
1393702,Porto Alegre,2021-01-28,235
1393873,Recife,2021-01-28,293
1393992,Rio de Janeiro,2021-01-28,994
1394732,São Paulo,2021-01-28,0
1395802,Belo Horizonte,2021-01-29,0
1395951,Brasília,2021-01-29,976
1396985,Fortaleza,2021-01-29,463
1399000,Porto Alegre,2021-01-29,257
1399171,Recife,2021-01-29,327
1399290,Rio de Janeiro,2021-01-29,788
1400030,São Paulo,2021-01-29,11272
1401100,Belo Horizonte,2021-01-30,2207
1401249,Brasília,2021-01-30,772
1402283,Fortaleza,2021-01-30,0
1404298,Porto Alegre,2021-01-30,0
1404469,Recife,2021-01-30,672
1404588,Rio de Janeiro,2021-01-30,706
1405328,São Paulo,2021-01-30,0
1406398,Belo Horizonte,2021-01-31,838
1406547,Brasília,2021-01-31,485
1407581,Fortaleza,2021-01-31,1652
1409596,Porto Alegre,2021-01-31,0
1409767,Recife,2021-01-31,394
1409886,Rio de Janeiro,2021-01-31,166
1410626,São Paulo,2021-01-31,0
1411696,Belo Horizonte,2021-02-01,210
1411845,Brasília,2021-02-01,714
1412879,Fortaleza,2021-02-01,564
1414894,Porto Alegre,2021-02-01,757
1415065,Recife,2021-02-01,331
1415184,Rio de Janeiro,2021-02-01,111
1415924,São Paulo,2021-02-01,0
1416994,Belo Horizonte,2021-02-02,0
1417143,Brasília,2021-02-02,365
1418177,Fortaleza,2021-02-02,0
1420192,Porto Alegre,2021-02-02,0
1420363,Recife,2021-02-02,306
1420482,Rio de Janeiro,2021-02-02,569
1421222,São Paulo,2021-02-02,0
1422292,Belo Horizonte,2021-02-03,270
1422441,Brasília,2021-02-03,586
1423475,Fortaleza,2021-02-03,1624
1425490,Porto Alegre,2021-02-03,0
1425661,Recife,2021-02-03,468
1425780,Rio de Janeiro,2021-02-03,648
1426520,São Paulo,2021-02-03,0
1427590,Belo Horizonte,2021-02-04,2073
1427739,Brasília,2021-02-04,0
1428773,Fortaleza,2021-02-04,0
1430788,Porto Alegre,2021-02-04,0
1430959,Recife,2021-02-04,0
1431078,Rio de Janeiro,2021-02-04,0
1431818,São Paulo,2021-02-04,0
